Price (Dollar),discount_percentage,price_before_discount,rating_out_of_5,number_of_ratings,brand,Storage (GB),screen_size (Inches),Price_Category
168.39,5.93,179.0,4.4,64918.0,15,64.0,6.1,0
230.0,0.0,230.0,4.2,52613.0,15,64.0,6.1,1
287.0,0.0,287.0,4.1,25403.0,15,64.0,6.1,1
329.99,0.0,329.99,4.3,25133.0,119,128.0,6.43,1
182.0,0.0,182.0,4.2,21859.0,15,64.0,5.8,0
263.0,24.64,349.0,4.2,21500.0,15,64.0,5.8,1
115.0,26.69,156.86,4.3,18728.0,15,64.0,4.7,0
199.99,20.0,249.99,4.4,16746.0,108,64.0,6.4,0
329.0,0.0,329.0,4.2,16089.0,15,64.0,6.5,1
339.99,0.0,339.99,4.5,14904.0,138,128.0,6.4,1
180.0,5.26,190.0,4.5,14389.0,188,128.0,6.43,0
234.95,0.0,234.95,4.3,13489.0,15,64.0,6.5,1
219.78,0.0,219.78,4.1,13049.0,15,64.0,5.4,1
406.94,31.47,593.84,4.1,11866.0,15,128.0,6.1,2
118.0,5.6,125.0,4.2,10668.0,108,64.0,6.6,0
159.98,13.52,184.99,4.5,10411.0,73,128.0,5.8,0
379.74,27.11,521.01,4.2,10226.0,15,128.0,6.1,1
488.0,0.0,488.0,4.2,9322.0,15,128.0,6.68,2
291.0,0.0,291.0,4.4,8558.0,138,64.0,6.2,1
164.0,4.65,172.0,3.9,7231.0,138,128.0,6.5,0
264.9,0.0,264.9,4.7,7007.0,188,256.0,6.67,1
1101.23,8.23,1199.99,4.6,6959.0,138,256.0,6.8,2
176.0,50.97,358.97,4.3,6689.0,138,64.0,6.3,0
149.99,16.67,179.99,4.4,6648.0,108,128.0,6.4,0
295.0,0.0,295.0,4.3,6614.0,138,256.0,6.8,1
197.0,43.67,349.72,3.9,6218.0,138,128.0,6.2,0
179.99,0.0,179.99,4.0,6199.0,138,128.0,6.2,0
339.99,0.0,339.99,4.2,6081.0,73,128.0,6.4,1
279.99,0.0,279.99,4.2,4647.0,138,128.0,6.5,1
509.99,0.0,509.99,4.1,4605.0,15,128.0,6.1,2
149.99,68.69,479.0,4.3,4554.0,73,1.0,6.0,0
364.0,12.29,415.0,4.1,4200.0,15,128.0,5.4,1
424.99,39.2,699.0,4.3,4182.0,73,256.0,6.3,2
227.44,0.0,227.44,4.2,4044.0,138,256.0,6.3,1
392.0,0.0,392.0,3.9,3797.0,138,128.0,6.8,1
798.98,0.0,798.98,4.5,3758.0,138,128.0,6.9,2
227.0,0.0,227.0,4.2,3558.0,138,256.0,6.3,1
27.99,0.0,27.99,3.7,3558.0,18,2.0,2.4,0
69.99,10.27,78.0,3.9,3432.0,138,32.0,5.83,0
269.99,5.27,285.0,4.4,3430.0,73,128.0,6.0,1
183.0,7.58,198.0,4.3,3276.0,138,128.0,6.4,0
22.99,0.0,22.99,3.2,3275.0,18,32.0,1.8,0
159.99,0.0,159.99,4.3,3205.0,169,32.0,5.83,0
47.99,40.01,79.99,4.0,3200.0,103,16.0,5.8,0
310.41,0.0,310.41,4.3,3148.0,108,4.0,6.8,1
125.0,0.0,125.0,4.3,3078.0,138,32.0,6.2,0
650.0,0.0,650.0,4.2,3018.0,15,256.0,6.7,2
289.98,0.0,289.98,4.3,2989.0,138,64.0,5.8,1
198.0,0.0,198.0,4.2,2960.0,138,128.0,6.4,0
279.0,7.0,299.99,4.2,2945.0,138,256.0,6.8,1
159.0,10.52,177.69,4.3,2920.0,73,128.0,6.2,0
199.99,23.87,262.68,4.1,2871.0,138,128.0,6.7,0
295.0,0.0,295.0,4.4,2830.0,15,64.0,6.0,1
46.75,6.48,49.99,4.2,2805.0,169,32.0,6.5,0
449.0,55.06,999.0,4.2,2723.0,73,256.0,6.7,2
459.49,5.26,485.0,4.2,2690.0,15,128.0,6.1,2
179.74,0.0,179.74,4.2,2668.0,108,128.0,6.5,0
149.99,40.0,249.99,4.2,2565.0,108,4.0,6.5,0
137.5,0.0,137.5,4.6,2555.0,188,256.0,6.74,0
198.0,0.0,198.0,4.2,2515.0,138,128.0,6.4,0
319.95,0.0,319.95,4.0,2490.0,138,128.0,6.9,1
46.99,0.0,46.99,4.0,2478.0,169,4.0,2.8,0
349.0,30.06,499.0,4.3,2443.0,73,128.0,6.1,1
299.5,0.0,299.5,4.4,2435.0,138,256.0,6.6,1
173.95,0.0,173.95,4.2,2394.0,108,6.0,6.8,0
229.5,0.0,229.5,4.2,2360.0,188,6.0,6.67,1
499.0,28.61,699.0,4.3,2353.0,73,128.0,6.2,2
279.99,6.67,299.99,3.9,2334.0,138,128.0,6.8,1
284.99,0.0,284.99,4.7,2325.0,188,256.0,1.4,1
179.0,0.0,179.0,4.2,2321.0,73,4.0,5.5,0
178.0,34.07,269.99,3.9,2296.0,73,64.0,6.0,0
146.0,0.0,146.0,4.2,2257.0,138,128.0,6.5,0
69.99,0.0,69.99,4.1,2245.0,199,0.13,2.4,0
726.05,0.0,726.05,4.1,2194.0,15,128.0,6.7,2
99.0,0.0,99.0,4.3,2138.0,108,16.0,5.0,0
109.99,0.0,109.99,4.1,2132.0,179,3.0,2.45,0
364.0,6.66,389.99,4.5,2096.0,138,128.0,6.2,1
289.0,4.59,302.9,4.0,2085.0,143,128.0,6.8,1
210.95,37.95,339.99,4.2,2080.0,73,8.0,6.4,1
99.21,37.99,159.99,4.1,2070.0,108,32.0,6.5,0
238.0,8.1,258.99,3.9,2066.0,138,128.0,6.9,1
595.87,4.92,626.7,4.1,2063.0,15,128.0,6.1,2
329.97,0.0,329.97,4.4,2060.0,138,64.0,6.3,1
236.0,0.0,236.0,4.1,2052.0,138,128.0,6.7,1
68.9,0.0,68.9,4.2,2047.0,108,32.0,5.7,0
225.0,5.86,239.0,4.1,2042.0,138,128.0,6.7,1
116.99,0.0,116.99,4.4,2003.0,188,64.0,6.53,0
483.42,7.91,524.95,4.2,1983.0,15,128.0,6.7,2
240.0,36.84,379.99,4.0,1971.0,138,128.0,6.1,1
250.0,0.0,250.0,4.1,1964.0,138,128.0,6.9,1
69.99,0.0,69.99,3.3,1893.0,50,1.0,1.8,0
42.69,6.59,45.7,3.6,1882.0,13,32.0,5.0,0
554.4,0.0,554.4,4.2,1864.0,15,128.0,6.1,2
79.99,0.0,79.99,3.8,1864.0,177,16.0,6.52,0
315.99,0.0,315.99,4.1,1859.0,138,128.0,6.9,1
71.99,40.0,119.99,4.0,1847.0,103,32.0,6.75,0
59.99,0.0,59.99,4.1,1846.0,169,1.0,5.34,0
89.0,0.0,89.0,3.8,1814.0,138,32.0,6.5,0
275.0,16.41,329.0,4.3,1809.0,138,128.0,6.4,1
199.99,0.0,199.99,4.3,1786.0,15,64.0,4.7,0
168.98,0.0,168.98,4.2,1774.0,108,124.0,6.0,0
349.99,0.0,349.99,4.5,1762.0,73,6.0,5.81,1
229.99,7.99,249.95,4.2,1759.0,108,256.0,6.8,1
145.99,12.05,166.0,4.0,1759.0,138,128.0,6.7,0
82.79,10.95,92.97,4.4,1722.0,188,64.0,6.53,0
204.9,0.0,204.9,4.0,1718.0,138,128.0,6.2,1
199.99,0.0,199.99,4.1,1682.0,138,128.0,6.2,0
86.0,4.53,90.08,3.8,1670.0,138,32.0,6.5,0
49.99,0.0,49.99,3.9,1600.0,169,32.0,5.45,0
178.0,40.66,299.99,3.9,1596.0,138,128.0,6.5,0
89.99,0.0,89.99,4.4,1568.0,169,16.0,5.0,0
289.36,0.0,289.36,3.9,1566.0,138,128.0,6.7,1
220.0,0.0,220.0,4.3,1542.0,138,64.0,6.3,1
376.2,0.0,376.2,4.3,1531.0,119,8.0,6.7,1
62.44,6.81,67.0,3.9,1502.0,32,16.0,2.8,0
205.0,65.83,599.97,4.0,1470.0,138,128.0,6.2,1
114.99,8.0,124.99,4.0,1463.0,138,128.0,6.5,0
84.0,0.0,84.0,4.2,1453.0,102,64.0,6.1,0
254.73,52.39,534.99,3.9,1417.0,73,12.0,6.7,1
129.0,0.0,129.0,4.2,1406.0,108,8.0,4.5,0
456.0,0.0,456.0,4.0,1403.0,138,256.0,7.6,2
159.99,8.57,174.99,4.3,1385.0,188,6.0,6.43,0
236.0,0.0,236.0,4.0,1334.0,138,128.0,6.7,1
92.0,7.04,98.97,3.8,1333.0,138,64.0,6.5,0
79.99,0.0,79.99,2.8,1322.0,50,1.0,1.8,0
329.99,0.0,329.99,4.3,1305.0,108,256.0,6.8,1
79.99,8.05,86.99,3.5,1291.0,50,1.0,2.4,0
104.99,0.0,104.99,3.9,1282.0,138,64.0,6.4,0
399.99,0.0,399.99,4.4,1274.0,138,128.0,6.5,1
99.99,41.18,169.99,4.0,1260.0,108,32.0,6.5,0
142.49,0.0,142.49,4.1,1245.0,138,128.0,6.5,0
236.0,0.0,236.0,4.2,1242.0,138,128.0,6.7,1
119.99,0.0,119.99,4.1,1234.0,23,128.0,6.5,0
161.95,0.0,161.95,4.3,1231.0,108,4.0,6.8,0
199.99,0.0,199.99,4.1,1226.0,102,8.0,2.8,0
105.89,0.0,105.89,3.9,1212.0,138,32.0,6.5,0
139.95,12.52,159.98,4.0,1203.0,73,128.0,5.0,0
72.0,6.29,76.83,3.8,1198.0,138,32.0,5.0,0
83.49,0.0,83.49,4.0,1192.0,138,32.0,6.4,0
189.99,0.0,189.99,4.2,1179.0,179,6.0,3.0,0
289.72,0.0,289.72,4.2,1176.0,138,128.0,6.4,1
164.0,65.76,478.98,4.1,1176.0,138,128.0,6.5,0
159.99,0.0,159.99,4.3,1155.0,188,8.0,6.79,0
499.99,0.0,499.99,4.2,1150.0,138,64.0,3.0,2
269.99,0.0,269.99,4.6,1145.0,188,128.0,6.43,1
23.99,0.0,23.99,3.6,1144.0,83,2.0,2.5,0
59.98,7.69,64.98,4.0,1138.0,8,16.0,5.0,0
154.99,0.0,154.99,4.5,1137.0,188,128.0,6.67,0
549.99,8.33,599.99,4.5,1129.0,138,128.0,6.4,2
44.95,0.0,44.95,3.7,1106.0,192,16.0,5.0,0
178.15,0.0,178.15,4.3,1100.0,188,256.0,6.43,0
279.99,0.0,279.99,3.9,1083.0,138,128.0,6.4,1
197.0,0.0,197.0,3.9,1064.0,138,128.0,6.4,0
608.0,0.0,608.0,4.2,1039.0,15,128.0,6.7,2
219.99,63.33,599.99,4.2,1038.0,119,128.0,6.55,1
247.99,68.28,781.8,4.0,1033.0,138,256.0,6.2,1
32.99,0.0,32.99,3.5,1023.0,18,32.0,2.4,0
114.0,42.92,199.72,4.0,1023.0,138,64.0,6.5,0
204.0,5.48,215.82,3.8,1014.0,102,128.0,6.8,1
299.99,0.0,299.99,4.0,1008.0,31,256.0,6.58,1
219.99,0.0,219.99,4.3,1006.0,73,4.0,6.3,1
105.3,0.0,105.3,4.1,1001.0,138,64.0,6.4,0
158.98,14.05,184.96,4.4,984.0,108,8.0,6.5,0
229.99,0.0,229.99,4.3,975.0,138,128.0,6.5,1
199.0,0.0,199.0,3.9,971.0,73,128.0,6.1,0
199.59,9.27,219.99,4.4,969.0,138,64.0,6.3,0
899.0,7.22,969.0,4.3,960.0,133,512.0,6.8,2
90.0,0.0,90.0,4.4,957.0,81,256.0,6.53,0
198.99,8.3,217.0,4.1,955.0,143,128.0,6.2,0
74.99,0.0,74.99,3.7,954.0,90,8.0,2.8,0
249.99,16.67,299.99,4.3,944.0,119,128.0,6.7,1
149.99,0.0,149.99,4.5,933.0,138,128.0,6.5,0
109.31,0.0,109.31,4.3,925.0,138,64.0,6.4,0
84.99,0.0,84.99,3.7,907.0,192,32.0,6.0,0
283.69,0.0,283.69,4.6,903.0,188,256.0,6.67,1
79.74,20.25,99.99,3.8,897.0,158,32.0,5.5,0
149.0,0.0,149.0,4.5,876.0,119,128.0,6.4,0
118.94,60.35,299.98,4.1,872.0,73,64.0,5.7,0
91.78,0.0,91.78,4.1,870.0,73,64.0,6.3,0
49.99,0.0,49.99,3.7,869.0,172,16.0,2.5,0
144.95,8.84,159.0,3.8,865.0,73,128.0,6.2,0
98.0,0.0,98.0,3.8,864.0,113,512.0,6.52,0
115.0,22.79,148.94,4.3,860.0,169,64.0,6.5,0
219.99,0.0,219.99,4.1,853.0,138,32.0,5.1,1
359.99,0.0,359.99,4.1,848.0,138,256.0,6.8,1
104.85,24.02,138.0,4.1,845.0,73,64.0,5.6,0
238.36,8.32,259.99,4.0,844.0,138,128.0,6.7,1
259.95,0.0,259.95,4.2,842.0,138,256.0,6.8,1
749.99,0.0,749.99,4.3,841.0,78,256.0,6.0,2
314.99,0.0,314.99,3.7,830.0,179,6.0,4.6,1
250.48,0.0,250.48,4.5,827.0,188,8.0,6.67,1
150.15,0.0,150.15,4.1,822.0,138,128.0,6.5,0
728.0,0.0,728.0,4.6,820.0,114,256.0,6.7,2
19.99,0.0,19.99,4.0,819.0,169,16.0,1.44,0
279.99,0.0,279.99,3.8,817.0,102,64.0,6.8,1
259.0,7.48,279.95,4.1,809.0,138,256.0,6.7,1
172.0,0.0,172.0,4.2,807.0,138,64.0,6.6,0
88.0,0.0,88.0,3.7,806.0,113,4.0,2.8,0
238.7,5.26,251.95,4.0,793.0,138,128.0,6.1,1
499.99,0.0,499.99,3.8,792.0,138,64.0,6.3,2
80.29,10.46,89.67,4.2,792.0,108,128.0,6.4,0
279.99,0.0,279.99,4.0,786.0,206,256.0,6.72,1
49.99,0.0,49.99,4.1,786.0,108,16.0,5.5,0
349.99,0.0,349.99,3.9,780.0,102,128.0,6.8,1
59.01,0.0,59.01,4.0,779.0,102,4.0,4.0,0
159.99,0.0,159.99,4.2,770.0,135,256.0,6.74,0
269.0,0.0,269.0,3.9,768.0,138,128.0,6.9,1
277.5,0.0,277.5,4.4,765.0,188,8.0,6.7,1
25.99,0.0,25.99,3.6,762.0,18,32.0,2.8,0
552.01,4.66,579.0,4.2,761.0,15,128.0,6.1,2
359.97,0.0,359.97,4.2,754.0,73,64.0,6.3,1
709.97,0.0,709.97,4.2,753.0,15,128.0,6.1,2
104.0,39.53,172.0,3.8,738.0,138,64.0,6.6,0
112.35,51.15,229.99,3.8,727.0,138,128.0,6.5,0
299.99,0.0,299.99,3.9,721.0,138,128.0,6.8,1
339.99,0.0,339.99,4.0,715.0,138,128.0,6.7,1
163.29,93.0,2332.71,4.3,702.0,108,256.0,6.5,0
402.0,0.0,402.0,4.5,702.0,114,256.0,6.7,2
175.42,12.29,199.99,4.3,699.0,138,128.0,6.6,0
89.59,14.68,105.0,3.8,689.0,138,3.0,6.5,0
598.65,5.47,633.27,4.2,688.0,15,256.0,6.7,2
64.99,0.0,64.99,4.0,688.0,199,0.3,1.8,0
279.99,6.67,299.99,4.0,679.0,118,256.0,6.8,1
54.99,0.0,54.99,3.4,676.0,18,32.0,5.7,0
269.0,0.0,269.0,4.1,674.0,138,64.0,5.8,1
69.99,0.0,69.99,3.5,669.0,177,32.0,6.22,0
149.99,0.0,149.99,4.4,660.0,138,128.0,6.5,0
149.5,0.0,149.5,3.9,660.0,138,64.0,6.6,0
109.0,0.0,109.0,4.1,660.0,102,64.0,6.1,0
328.97,0.0,328.97,4.4,654.0,15,512.0,6.5,1
163.75,0.0,163.75,3.9,647.0,138,128.0,6.7,0
158.6,0.0,158.6,4.5,642.0,188,6.0,6.43,0
92.0,53.99,199.95,3.9,637.0,138,32.0,6.4,0
389.99,0.0,389.99,4.5,637.0,119,128.0,6.43,1
179.0,0.0,179.0,4.0,636.0,98,16.0,2.6,0
219.5,7.58,237.5,4.3,636.0,188,256.0,6.67,1
49.99,0.0,49.99,3.8,625.0,102,16.0,5.0,0
279.0,0.0,279.0,3.8,625.0,73,128.0,6.3,1
249.0,64.38,698.98,4.1,624.0,138,128.0,6.5,1
879.0,10.31,979.99,4.4,617.0,138,512.0,6.8,2
134.0,0.0,134.0,3.6,604.0,102,64.0,6.8,0
161.79,35.28,250.0,4.4,601.0,73,4.0,6.3,0
258.8,0.0,258.8,4.6,599.0,188,8.0,6.6,1
39.99,0.0,39.99,4.0,596.0,209,16.0,5.34,0
54.68,8.85,59.99,4.3,594.0,209,32.0,6.5,0
229.99,0.0,229.99,4.0,591.0,138,128.0,6.7,1
234.37,0.0,234.37,4.7,587.0,188,256.0,6.67,1
214.99,0.0,214.99,4.7,586.0,188,128.0,6.67,1
364.0,0.0,364.0,3.8,585.0,138,256.0,6.7,1
139.99,0.0,139.99,4.0,584.0,158,128.0,6.52,0
182.0,0.0,182.0,4.3,580.0,15,64.0,5.8,0
399.99,6.97,429.95,4.2,574.0,138,256.0,7.6,1
315.0,0.0,315.0,4.3,574.0,138,128.0,6.4,1
199.99,0.0,199.99,4.0,573.0,138,128.0,6.5,0
109.99,0.0,109.99,4.2,569.0,188,2.0,6.53,0
73.0,26.99,99.99,3.8,565.0,138,32.0,6.5,0
104.0,30.66,149.99,4.1,564.0,73,64.0,6.0,0
899.99,10.0,999.99,4.1,562.0,108,256.0,6.9,2
68.99,0.0,68.99,4.4,561.0,209,16.0,5.0,0
159.5,0.0,159.5,4.3,556.0,188,128.0,6.6,0
323.5,0.0,323.5,4.4,554.0,138,256.0,6.6,1
789.98,21.0,999.99,3.9,547.0,138,128.0,6.7,2
90.0,0.0,90.0,4.0,547.0,138,32.0,6.6,0
637.95,0.0,637.95,4.5,545.0,15,128.0,6.1,2
137.42,0.0,137.42,4.3,541.0,138,128.0,6.5,0
199.99,0.0,199.99,4.1,541.0,102,32.0,6.5,0
178.89,60.33,450.98,4.1,535.0,138,128.0,6.2,0
46.99,6.0,49.99,3.4,535.0,156,16.0,2.5,0
229.99,42.5,399.99,4.2,534.0,108,6.0,6.6,1
199.0,0.0,199.0,3.8,534.0,113,128.0,6.82,0
42.99,0.0,42.99,3.9,533.0,13,4.0,2.8,0
150.0,25.0,199.99,4.0,533.0,102,128.0,6.1,0
199.99,0.0,199.99,4.1,533.0,138,6.0,6.4,0
99.99,0.0,99.99,3.8,531.0,173,8.0,6.5,0
99.99,0.0,99.99,3.8,530.0,173,128.0,6.53,0
99.99,0.0,99.99,3.6,528.0,173,128.0,6.53,0
129.98,0.0,129.98,3.8,527.0,138,128.0,6.5,0
118.95,0.0,118.95,4.1,520.0,183,2.0,5.0,0
120.0,6.98,129.0,4.0,512.0,138,128.0,6.6,0
57.0,4.98,59.99,3.5,512.0,98,32.0,5.0,0
181.0,0.0,181.0,4.3,505.0,15,64.0,6.1,0
89.99,0.0,89.99,3.3,501.0,173,64.0,6.53,0
389.0,0.0,389.0,4.4,498.0,119,128.0,6.7,1
185.0,0.0,185.0,4.8,498.0,188,256.0,11.0,0
269.98,0.0,269.98,4.0,495.0,138,32.0,5.1,1
1299.98,5.66,1377.98,4.3,492.0,138,512.0,7.6,2
71.99,27.44,99.21,3.8,488.0,108,32.0,6.5,0
699.99,12.5,799.99,4.6,487.0,119,12.0,6.82,2
439.99,51.06,899.0,4.1,487.0,68,128.0,6.7,2
389.99,0.0,389.99,4.4,479.0,119,128.0,6.43,1
322.0,0.0,322.0,4.0,478.0,138,256.0,6.7,1
330.0,0.0,330.0,4.6,478.0,188,512.0,6.67,1
90.0,0.0,90.0,3.9,478.0,157,64.0,6.82,0
267.0,11.0,299.99,4.2,477.0,15,64.0,6.1,1
265.0,0.0,265.0,4.3,472.0,188,256.0,6.67,1
236.99,0.0,236.99,4.2,472.0,138,128.0,6.7,1
129.0,0.0,129.0,3.9,472.0,138,64.0,6.5,0
199.99,0.0,199.99,4.2,468.0,119,256.0,6.67,0
489.95,0.0,489.95,4.4,468.0,138,8.0,6.4,2
159.0,0.0,159.0,4.0,461.0,138,128.0,6.5,0
439.99,0.0,439.99,4.2,461.0,138,128.0,6.4,2
621.74,0.0,621.74,4.2,456.0,15,128.0,6.7,2
154.9,8.88,169.99,4.0,455.0,138,128.0,6.5,0
142.98,0.0,142.98,3.9,452.0,138,128.0,6.7,0
382.5,0.0,382.5,4.2,450.0,188,12.0,6.67,1
109.0,0.0,109.0,3.9,450.0,134,4.0,1.3,0
278.36,0.0,278.36,3.9,444.0,138,128.0,6.7,1
124.45,0.0,124.45,4.1,444.0,102,128.0,6.1,0
360.0,0.0,360.0,4.4,443.0,138,8.0,6.7,1
329.95,20.49,414.99,4.1,439.0,73,128.0,6.7,1
69.0,0.0,69.0,3.8,438.0,113,7.8,2.0,0
159.99,0.0,159.99,4.0,437.0,102,128.0,6.8,0
122.5,5.41,129.5,4.2,430.0,108,4.0,6.5,0
279.99,0.0,279.99,4.5,428.0,188,128.0,6.67,1
297.08,11.31,334.98,4.3,427.0,138,128.0,6.4,1
399.99,42.86,699.99,4.0,424.0,108,8.0,6.9,1
83.99,0.0,83.99,3.9,423.0,138,32.0,6.4,0
389.0,0.0,389.0,4.6,423.0,127,256.0,6.67,1
799.99,28.57,1119.99,4.3,420.0,138,512.0,6.7,2
369.99,0.0,369.99,4.3,419.0,78,256.0,6.3,1
99.99,0.0,99.99,3.8,417.0,173,128.0,6.53,0
193.51,0.0,193.51,4.2,416.0,73,64.0,6.3,0
249.99,0.0,249.99,4.2,414.0,108,32.0,5.5,1
99.99,0.0,99.99,4.4,414.0,173,64.0,10.1,0
249.99,0.0,249.99,4.3,410.0,108,128.0,6.8,1
149.99,0.0,149.99,4.2,410.0,169,128.0,6.8,0
63.98,0.0,63.98,3.6,407.0,178,16.0,2.8,0
219.99,0.0,219.99,4.2,406.0,179,256.0,3.0,1
279.99,0.0,279.99,3.5,405.0,179,6.0,3.1,1
879.97,0.0,879.97,4.3,403.0,15,256.0,6.1,2
169.88,11.96,192.95,3.9,402.0,138,128.0,6.5,0
86.34,0.0,86.34,3.5,402.0,126,8.0,5.0,0
106.92,0.0,106.92,3.9,400.0,138,64.0,6.4,0
326.77,0.0,326.77,4.2,399.0,15,512.0,6.5,1
229.99,0.0,229.99,4.3,396.0,138,64.0,6.5,1
84.99,0.0,84.99,3.7,396.0,111,64.0,6.3,0
69.99,0.0,69.99,3.5,394.0,113,55.0,2.4,0
299.99,0.0,299.99,3.8,394.0,138,128.0,6.5,1
119.99,0.0,119.99,4.1,392.0,117,32.0,6.5,0
270.0,0.0,270.0,4.4,389.0,119,8.0,6.7,1
174.99,0.0,174.99,4.2,385.0,188,256.0,6.43,0
59.72,0.0,59.72,3.1,385.0,202,16.0,2.5,0
339.99,0.0,339.99,3.8,384.0,31,256.0,6.52,1
289.0,0.0,289.0,4.0,383.0,138,128.0,6.7,1
329.99,9.59,365.0,3.5,382.0,32,6.0,5.7,1
85.0,6.59,91.0,3.5,381.0,98,64.0,5.0,0
169.99,0.0,169.99,4.0,380.0,177,64.0,6.52,0
262.68,24.73,349.0,3.7,379.0,138,128.0,7.0,1
181.0,0.0,181.0,4.4,378.0,15,64.0,6.5,0
266.0,0.0,266.0,4.1,378.0,138,128.0,6.1,1
77.88,8.2,84.84,4.1,377.0,119,64.0,6.49,0
159.99,51.52,329.99,3.6,371.0,73,128.0,6.0,0
379.5,0.0,379.5,4.0,371.0,138,256.0,6.4,1
71.6,0.0,71.6,4.0,371.0,138,32.0,5.8,0
790.0,8.14,859.99,4.4,370.0,138,256.0,6.8,2
199.0,0.0,199.0,3.9,367.0,102,128.0,6.8,0
134.87,0.0,134.87,4.6,367.0,188,6.0,6.58,0
449.99,10.0,499.99,4.5,367.0,119,8.0,6.78,2
104.11,0.0,104.11,4.3,365.0,209,32.0,6.4,0
319.99,0.0,319.99,4.0,365.0,86,256.0,6.58,1
144.7,5.86,153.7,4.3,364.0,188,8.0,6.67,0
69.99,0.0,69.99,3.9,363.0,140,32.0,5.5,0
49.95,16.75,60.0,3.8,362.0,108,64.0,6.01,0
749.99,25.0,999.99,4.2,362.0,138,256.0,6.7,2
79.99,0.0,79.99,3.6,361.0,13,8.0,1.4,0
269.99,40.0,449.99,4.4,359.0,138,128.0,6.4,1
299.9,0.0,299.9,3.7,358.0,138,256.0,6.8,1
39.99,0.0,39.99,3.5,358.0,9,16.0,5.5,0
86.95,0.0,86.95,3.6,357.0,102,32.0,6.2,0
62.54,21.78,79.95,4.0,355.0,138,2.0,5.7,0
105.0,0.0,105.0,4.1,354.0,138,32.0,6.4,0
229.5,0.0,229.5,4.4,351.0,108,12.0,6.5,1
499.0,0.0,499.0,4.3,350.0,73,128.0,6.1,2
39.99,0.0,39.99,3.3,350.0,9,16.0,5.5,0
402.99,0.0,402.99,4.1,349.0,138,128.0,6.1,2
328.7,0.0,328.7,4.5,348.0,188,512.0,6.67,1
182.07,49.42,359.99,4.4,347.0,138,8.0,6.4,0
274.09,48.28,529.97,4.3,345.0,138,512.0,6.4,1
70.0,0.0,70.0,4.0,345.0,108,16.0,5.5,0
704.95,0.0,704.95,4.6,342.0,15,128.0,6.7,2
101.38,6.91,108.9,4.1,342.0,138,128.0,6.6,0
98.99,16.11,118.0,4.2,339.0,108,64.0,6.6,0
109.99,0.0,109.99,4.1,335.0,23,32.0,6.5,0
455.99,0.0,455.99,4.0,334.0,38,20.0,6.43,2
268.1,32.97,399.98,4.4,333.0,138,256.0,6.8,1
199.99,9.09,219.99,4.3,333.0,118,256.0,6.52,0
675.0,0.0,675.0,3.8,331.0,138,512.0,7.6,2
399.95,0.0,399.95,3.6,327.0,138,128.0,6.8,1
87.99,0.0,87.99,4.2,326.0,188,64.0,6.71,0
99.97,0.0,99.97,4.4,324.0,188,1000.0,6.53,0
256.5,6.39,274.0,4.0,323.0,138,256.0,6.7,1
79.99,0.0,79.99,2.7,322.0,180,8.0,6.3,0
624.98,21.88,800.0,4.1,321.0,15,128.0,6.7,2
621.74,0.0,621.74,4.2,321.0,15,128.0,6.7,2
139.45,0.0,139.45,4.0,320.0,119,128.0,6.5,0
59.98,0.0,59.98,3.3,319.0,199,32.0,2.4,0
439.99,0.0,439.99,4.3,315.0,138,128.0,6.1,2
147.44,0.0,147.44,4.1,313.0,108,6.0,6.8,0
229.0,58.36,549.99,3.9,312.0,138,128.0,6.7,1
66.99,0.0,66.99,3.8,311.0,138,16.0,5.7,0
87.87,0.0,87.87,4.1,309.0,182,16.0,5.0,0
249.99,0.0,249.99,4.4,305.0,84,256.0,6.7,1
80.45,59.77,199.99,4.2,304.0,102,64.0,6.0,0
139.99,0.0,139.99,4.1,304.0,138,64.0,6.6,0
557.99,0.0,557.99,3.7,303.0,73,128.0,6.71,2
229.99,0.0,229.99,4.3,301.0,108,64.0,6.5,1
119.0,0.0,119.0,4.2,299.0,138,64.0,6.5,0
99.99,0.0,99.99,4.2,297.0,138,16.0,5.0,0
299.0,0.0,299.0,4.0,297.0,113,6.0,6.67,1
352.9,4.87,370.95,4.0,297.0,102,256.0,6.8,1
45.99,0.0,45.99,4.0,295.0,209,32.0,5.45,0
109.99,0.0,109.99,3.5,293.0,22,16.0,5.0,0
134.99,0.0,134.99,3.3,291.0,111,128.0,6.5,0
459.25,0.0,459.25,4.3,290.0,138,128.0,6.1,2
399.99,0.0,399.99,4.0,290.0,138,16.0,4.8,1
49.62,0.0,49.62,3.9,289.0,168,32.0,6.5,0
982.26,7.33,1059.95,4.2,288.0,15,256.0,6.7,2
277.8,32.74,413.0,4.1,286.0,138,128.0,6.6,1
75.0,24.99,99.99,4.0,285.0,108,32.0,6.5,0
349.0,7.92,379.0,3.8,285.0,38,256.0,6.58,1
120.0,7.69,130.0,3.9,285.0,108,32.0,5.2,0
84.99,15.0,99.99,3.8,284.0,4,0.12,2.8,0
72.0,0.0,72.0,3.9,284.0,157,64.0,6.2,0
129.0,0.0,129.0,4.0,284.0,102,128.0,6.1,0
46.99,6.0,49.99,3.2,283.0,83,16.0,2.5,0
79.98,0.0,79.98,4.2,282.0,113,75.0,2.0,0
49.99,37.5,79.99,3.9,282.0,4,0.12,2.4,0
335.0,0.0,335.0,3.7,277.0,138,256.0,6.7,1
415.72,0.0,415.72,3.9,274.0,138,128.0,6.2,2
928.42,0.0,928.42,4.3,274.0,15,128.0,6.7,2
49.99,0.0,49.99,3.3,273.0,70,2.0,6.6,0
164.0,0.0,164.0,4.0,273.0,108,16.0,5.2,0
159.99,31.92,235.0,3.7,272.0,98,16.0,78.0,0
219.0,0.0,219.0,3.4,271.0,124,32.0,3.3,1
249.97,0.0,249.97,4.3,267.0,15,64.0,4.7,1
245.0,10.91,275.0,4.4,267.0,138,128.0,6.6,1
299.99,0.0,299.99,4.4,266.0,138,32.0,5.5,1
181.0,0.0,181.0,4.3,266.0,15,64.0,6.5,0
423.95,0.0,423.95,4.2,263.0,138,256.0,6.8,2
145.0,0.0,145.0,4.2,263.0,138,128.0,6.5,0
46.59,6.8,49.99,3.8,262.0,168,32.0,6.5,0
120.0,13.67,139.0,4.1,261.0,126,64.0,4.7,0
295.99,0.0,295.99,4.2,260.0,138,128.0,6.9,1
32.95,0.0,32.95,4.0,259.0,169,4.0,1.77,0
294.0,0.0,294.0,4.2,259.0,138,128.0,12.0,1
179.0,0.0,179.0,4.1,257.0,138,16.0,5.5,0
306.0,60.77,779.99,4.1,257.0,138,8.0,6.6,1
49.9,0.0,49.9,3.6,256.0,18,16.0,5.7,0
54.19,0.0,54.19,4.0,256.0,169,32.0,6.5,0
109.89,11.38,124.0,3.2,255.0,108,128.0,8.0,0
59.11,15.35,69.83,3.0,255.0,126,32.0,2.4,0
630.98,5.47,667.49,4.0,254.0,15,256.0,6.7,2
229.99,23.33,299.99,3.4,252.0,138,128.0,6.5,1
72.0,34.55,110.0,3.7,252.0,108,32.0,6.2,0
625.0,0.0,625.0,4.0,250.0,138,256.0,7.6,2
174.0,6.89,186.88,4.1,250.0,138,128.0,6.7,0
98.85,0.0,98.85,4.2,249.0,102,64.0,6.0,0
299.99,0.0,299.99,4.0,249.0,177,256.0,6.81,1
237.95,0.0,237.95,4.4,249.0,138,128.0,6.7,1
38.98,0.0,38.98,4.0,248.0,168,32.0,5.45,0
679.5,0.0,679.5,4.6,247.0,114,512.0,6.7,2
59.99,0.0,59.99,4.0,247.0,138,32.0,6.5,0
179.0,0.0,179.0,3.7,247.0,102,128.0,6.1,0
289.98,0.0,289.98,4.0,247.0,138,64.0,5.8,1
45.95,0.0,45.95,4.2,245.0,151,32.0,6.5,0
599.0,0.0,599.0,4.4,244.0,15,64.0,6.1,2
49.99,0.0,49.99,4.1,243.0,209,32.0,5.5,0
329.99,17.5,399.99,4.3,242.0,138,128.0,6.6,1
199.99,19.35,247.97,4.1,240.0,138,128.0,6.5,0
179.99,0.0,179.99,3.9,239.0,173,256.0,6.7,0
93.99,0.0,93.99,3.9,237.0,138,32.0,6.5,0
374.0,0.0,374.0,4.0,237.0,22,32.0,4.5,1
692.39,0.0,692.39,4.0,236.0,15,512.0,6.7,2
109.63,0.0,109.63,4.1,235.0,188,32.0,6.53,0
219.0,63.5,599.99,4.2,235.0,119,8.0,6.55,1
145.41,7.97,158.0,4.3,231.0,138,128.0,6.5,0
69.5,0.0,69.5,4.1,231.0,108,16.0,5.2,0
179.76,55.06,399.99,3.9,231.0,138,128.0,6.5,0
46.99,0.0,46.99,3.1,230.0,18,16.0,4.0,0
124.44,0.0,124.44,4.1,230.0,157,128.0,6.5,0
137.68,6.88,147.85,4.2,230.0,138,128.0,6.5,0
244.18,0.0,244.18,3.6,227.0,102,32.0,5.3,1
89.0,0.0,89.0,4.0,227.0,108,32.0,5.7,0
89.0,0.0,89.0,3.5,226.0,113,250.0,2.36,0
45.99,0.0,45.99,3.5,224.0,13,16.0,5.0,0
266.0,0.0,266.0,3.9,223.0,138,128.0,6.1,1
234.06,0.0,234.06,4.1,222.0,143,128.0,6.7,1
81.33,0.0,81.33,4.1,222.0,138,32.0,6.4,0
139.99,0.0,139.99,3.4,221.0,173,128.0,6.7,0
649.99,0.0,649.99,4.2,220.0,84,12.0,6.7,2
169.0,0.0,169.0,4.1,220.0,108,64.0,5.5,0
679.94,0.0,679.94,4.1,219.0,138,256.0,6.8,2
92.9,11.52,105.0,3.8,219.0,138,3.0,6.5,0
45.99,42.51,79.99,3.9,219.0,13,4.0,2.8,0
809.5,0.0,809.5,4.4,219.0,138,256.0,6.8,2
319.98,0.0,319.98,4.3,218.0,144,128.0,6.1,1
409.0,0.0,409.0,4.2,217.0,138,128.0,6.1,2
199.99,0.0,199.99,3.8,215.0,138,32.0,5.1,0
335.0,0.0,335.0,4.3,215.0,78,128.0,6.39,1
99.89,23.16,129.99,4.0,214.0,73,1.0,5.9,0
320.19,0.0,320.19,4.3,213.0,84,128.0,5.99,1
78.95,0.0,78.95,4.0,213.0,108,16.0,5.2,0
199.99,0.0,199.99,4.1,212.0,23,64.0,6.5,0
1299.99,23.53,1699.99,4.1,211.0,119,512.0,7.82,2
304.98,0.0,304.98,4.0,211.0,138,32.0,5.1,1
666.95,4.72,699.99,4.0,209.0,138,256.0,6.8,2
179.49,0.0,179.49,3.9,207.0,27,3.0,5.5,0
258.0,0.0,258.0,4.2,205.0,138,64.0,5.8,1
119.99,0.0,119.99,4.1,203.0,111,128.0,6.5,0
592.01,0.0,592.01,4.5,202.0,114,256.0,6.7,2
163.99,0.0,163.99,4.1,202.0,138,128.0,6.5,0
278.0,10.02,308.96,3.8,202.0,138,128.0,6.8,1
263.96,0.0,263.96,4.4,202.0,15,64.0,6.5,1
109.44,52.42,229.99,3.7,201.0,138,64.0,6.5,0
314.1,0.0,314.1,4.2,200.0,138,128.0,6.8,1
89.99,30.77,129.99,3.7,200.0,111,4.0,6.55,0
72.0,0.0,72.0,4.0,200.0,138,32.0,5.0,0
309.99,0.0,309.99,3.5,200.0,179,6.0,4.2,1
199.99,0.0,199.99,4.5,199.0,23,256.0,6.9,0
174.0,0.0,174.0,4.1,199.0,102,128.0,6.8,0
99.99,4.76,104.99,4.0,199.0,177,128.0,6.52,0
25.0,0.0,25.0,3.1,199.0,126,16.0,2.4,0
69.0,0.0,69.0,4.1,199.0,113,16.0,2.36,0
82.1,0.0,82.1,4.0,198.0,138,32.0,5.5,0
119.99,13.05,138.0,4.0,198.0,126,64.0,4.7,0
129.99,0.0,129.99,3.6,196.0,77,64.0,5.5,0
369.5,0.0,369.5,4.4,196.0,138,256.0,6.4,1
104.0,12.44,118.77,4.2,196.0,102,64.0,6.4,0
269.98,0.0,269.98,4.1,194.0,138,128.0,5.8,1
90.89,0.0,90.89,2.6,194.0,89,64.0,6.1,0
92.0,0.0,92.0,4.0,194.0,108,64.0,6.7,0
144.99,0.0,144.99,4.4,193.0,188,128.0,6.71,0
149.99,0.0,149.99,4.1,192.0,60,64.0,5.45,0
159.98,0.0,159.98,4.2,192.0,188,6.0,6.43,0
267.5,0.0,267.5,4.4,192.0,135,256.0,6.67,1
124.44,21.23,157.97,3.9,191.0,138,128.0,6.5,0
269.0,0.0,269.0,3.8,191.0,138,64.0,5.8,1
161.18,19.41,199.99,4.2,188.0,138,128.0,6.5,0
214.99,0.0,214.99,4.6,188.0,188,128.0,6.43,1
103.48,30.78,149.5,3.9,187.0,138,64.0,6.6,0
209.97,58.0,499.97,4.1,187.0,138,128.0,6.2,1
299.98,0.0,299.98,4.2,187.0,138,64.0,6.2,1
59.9,14.42,69.99,3.4,186.0,18,16.0,6.2,0
229.72,0.0,229.72,3.4,186.0,138,128.0,6.7,1
89.99,0.0,89.99,3.7,184.0,32,16.0,2.8,0
104.0,0.0,104.0,4.0,184.0,108,4.0,6.5,0
124.44,0.0,124.44,3.9,184.0,157,128.0,6.5,0
99.99,0.0,99.99,3.5,184.0,192,64.0,2.8,0
508.95,0.0,508.95,4.2,183.0,138,256.0,6.6,2
245.0,0.0,245.0,4.7,179.0,188,8.0,6.67,1
100.3,14.88,117.83,3.6,179.0,126,32.0,6.0,0
54.99,0.0,54.99,3.9,178.0,13,16.0,5.0,0
239.99,11.11,269.98,4.2,177.0,144,128.0,5.8,1
153.8,0.0,153.8,4.2,177.0,138,128.0,6.1,0
727.97,0.0,727.97,4.1,177.0,15,256.0,6.7,2
179.99,0.0,179.99,3.6,177.0,173,128.0,6.53,0
69.49,0.0,69.49,3.5,177.0,169,32.0,5.45,0
699.0,0.0,699.0,3.3,176.0,15,64.0,6.1,2
329.99,0.0,329.99,3.4,176.0,73,128.0,6.0,1
149.5,0.0,149.5,4.2,176.0,138,128.0,6.5,0
189.97,0.0,189.97,3.7,175.0,138,128.0,6.5,0
299.0,0.0,299.0,3.5,175.0,131,16.0,2.0,1
110.22,0.0,110.22,4.4,174.0,138,32.0,6.4,0
68.34,10.33,76.21,3.9,174.0,138,32.0,6.5,0
169.99,0.0,169.99,4.2,173.0,177,64.0,6.52,0
79.99,0.0,79.99,3.5,173.0,173,32.0,6.52,0
219.5,0.0,219.5,3.5,173.0,98,16.0,2.4,1
747.54,0.0,747.54,3.6,172.0,144,512.0,6.4,2
114.99,7.27,124.0,4.0,172.0,119,128.0,6.49,0
319.99,0.0,319.99,4.3,172.0,118,256.0,6.6,1
249.0,0.0,249.0,4.0,171.0,138,256.0,6.2,1
732.36,0.0,732.36,4.2,171.0,15,256.0,6.7,2
236.0,0.0,236.0,4.1,171.0,138,128.0,6.7,1
99.99,32.89,149.0,3.9,171.0,138,32.0,6.5,0
168.0,0.0,168.0,4.3,169.0,119,128.0,6.55,0
369.32,0.0,369.32,3.9,169.0,138,256.0,6.7,1
99.99,0.0,99.99,3.3,168.0,113,128.0,6.52,0
259.0,0.0,259.0,4.0,168.0,138,128.0,5.8,1
326.0,0.0,326.0,4.1,168.0,138,256.0,6.6,1
98.0,45.25,179.0,4.0,168.0,138,64.0,6.5,0
102.64,11.12,115.48,4.0,167.0,138,64.0,6.4,0
692.39,0.0,692.39,4.1,166.0,15,512.0,6.7,2
79.99,0.0,79.99,3.7,165.0,173,32.0,6.53,0
70.83,0.0,70.83,4.1,164.0,108,32.0,5.7,0
482.95,6.22,514.99,3.9,164.0,138,12.0,6.8,2
426.0,0.0,426.0,3.6,164.0,138,8.0,6.8,2
169.99,0.0,169.99,4.2,163.0,111,128.0,6.7,0
169.99,0.0,169.99,4.4,162.0,206,128.0,6.74,0
99.99,33.34,149.99,3.9,162.0,18,128.0,6.82677534,0
129.99,0.0,129.99,3.9,161.0,177,256.0,6.52,0
82.85,15.45,97.99,4.3,161.0,108,128.0,6.7,0
149.99,34.78,229.99,3.4,161.0,108,8.0,6.8,0
74.0,0.0,74.0,3.7,160.0,13,64.0,6.52,0
59.99,4.76,62.99,3.8,160.0,13,16.0,5.34,0
370.0,0.0,370.0,4.3,159.0,138,64.0,5.8,1
248.0,32.05,364.99,3.5,159.0,73,128.0,6.1,1
179.99,0.0,179.99,4.6,159.0,23,128.0,6.75,0
109.0,0.0,109.0,3.8,158.0,102,64.0,6.0,0
49.99,0.0,49.99,3.6,158.0,171,8.0,2.5,0
24.99,0.0,24.99,4.3,158.0,169,32.0,6.5,0
514.0,0.0,514.0,4.2,157.0,138,8.0,6.4,2
404.97,0.0,404.97,4.0,156.0,138,12.0,6.8,2
299.99,0.0,299.99,4.0,156.0,31,256.0,6.58,1
279.99,0.0,279.99,4.1,156.0,138,128.0,6.1,1
69.99,0.0,69.99,4.1,155.0,168,64.0,6.5,0
429.5,0.0,429.5,4.4,155.0,108,256.0,6.7,2
569.99,0.0,569.99,4.1,155.0,118,512.0,6.78,2
199.99,0.0,199.99,4.5,155.0,108,4.0,6.4,0
123.5,0.0,123.5,3.9,155.0,98,8.0,2.6,0
32.99,5.72,34.99,3.5,154.0,105,32.0,4.6,0
59.99,0.0,59.99,3.2,153.0,13,16.0,5.0,0
247.5,8.16,269.5,4.3,153.0,108,12.0,6.5,1
65.99,0.0,65.99,2.9,153.0,130,128.0,6.3,0
199.99,0.0,199.99,4.5,152.0,188,128.0,6.67,0
159.99,0.0,159.99,3.8,151.0,138,32.0,6.5,0
159.0,0.0,159.0,4.0,151.0,108,128.0,6.7,0
79.47,0.0,79.47,2.4,151.0,6,4.0,5.4,0
346.0,0.0,346.0,4.1,151.0,138,128.0,6.9,1
31.0,26.19,42.0,3.8,151.0,158,32.0,2.8,0
43.99,0.0,43.99,3.6,150.0,138,16.0,5.0,0
239.99,0.0,239.99,4.3,150.0,138,64.0,6.2,1
264.99,0.0,264.99,4.2,150.0,138,128.0,5.8,1
549.99,6.78,589.99,4.1,150.0,138,8.0,6.1,2
114.0,0.0,114.0,4.2,149.0,108,128.0,6.6,0
96.99,0.0,96.99,3.9,148.0,102,16.0,5.3,0
326.12,10.41,364.0,3.8,148.0,138,256.0,6.8,1
229.99,0.0,229.99,3.9,148.0,138,512.0,7.3,1
199.95,0.0,199.95,4.0,148.0,73,4.0,6.0,0
299.99,0.0,299.99,4.4,147.0,38,512.0,6.58,1
199.95,0.0,199.95,3.8,146.0,138,32.0,6.4,0
209.99,0.0,209.99,3.5,146.0,173,256.0,2.6771668,1
355.76,55.47,798.98,4.1,146.0,138,128.0,6.9,1
179.0,0.0,179.0,4.3,145.0,73,64.0,6.0,0
135.99,0.0,135.99,4.0,145.0,108,16.0,5.7,0
171.0,55.93,387.99,3.6,145.0,98,4.0,5.4,0
196.23,0.0,196.23,4.1,144.0,138,128.0,6.7,0
259.0,0.0,259.0,4.2,144.0,119,256.0,6.67,1
840.13,0.0,840.13,4.0,144.0,15,128.0,6.1,2
114.0,65.45,329.99,3.7,143.0,108,128.0,6.8,0
125.45,0.0,125.45,4.0,143.0,119,128.0,6.5,0
494.97,0.0,494.97,4.3,143.0,138,128.0,6.4,2
161.98,4.71,169.99,4.4,142.0,188,256.0,6.67,0
270.0,0.0,270.0,4.5,141.0,138,256.0,6.8,1
235.0,0.0,235.0,4.0,141.0,119,256.0,6.55,1
151.0,0.0,151.0,4.2,141.0,138,128.0,6.5,0
200.0,0.0,200.0,4.1,140.0,138,4.0,6.6,0
389.97,0.0,389.97,4.3,140.0,138,128.0,6.4,1
174.0,21.62,222.0,3.9,139.0,108,256.0,6.7,0
139.99,0.0,139.99,3.9,139.0,173,128.0,6.6,0
708.64,0.0,708.64,3.9,138.0,15,1000.0,6.7,2
268.85,0.0,268.85,4.2,138.0,188,256.0,6.67,1
180.0,0.0,180.0,3.7,138.0,15,256.0,5.8,0
187.49,5.78,199.0,4.2,137.0,138,256.0,6.5,0
79.99,0.0,79.99,3.8,136.0,102,32.0,5.7,0
369.99,0.0,369.99,4.1,136.0,177,256.0,6.78,1
998.0,28.71,1399.99,3.9,135.0,153,256.0,6.5,2
64.98,7.17,70.0,4.3,135.0,108,64.0,6.5,0
349.0,8.16,379.99,4.1,135.0,138,256.0,6.3,1
219.0,0.0,219.0,3.5,134.0,124,32.0,3.3,1
487.12,0.0,487.12,4.2,134.0,138,8.0,6.4,2
632.91,0.0,632.91,4.0,134.0,138,1000.0,6.6,2
274.0,44.42,492.97,4.0,134.0,138,128.0,6.4,1
159.99,0.0,159.99,4.1,134.0,138,64.0,6.5,0
78.99,20.2,98.99,3.3,133.0,50,16.0,2.4,0
220.0,0.0,220.0,4.5,133.0,188,512.0,6.67,1
349.97,0.0,349.97,3.8,133.0,138,64.0,6.2,1
139.97,0.0,139.97,3.6,133.0,138,8.0,5.0,0
142.99,0.0,142.99,3.4,131.0,152,64.0,5.0,0
279.0,22.5,359.99,4.2,130.0,138,128.0,6.9,1
112.89,0.0,112.89,4.2,130.0,102,32.0,6.2,0
115.7,0.0,115.7,4.3,129.0,188,4.0,6.74,0
329.99,0.0,329.99,4.4,129.0,188,128.0,40.551203,1
99.99,0.0,99.99,3.7,128.0,173,128.0,6.7,0
149.99,16.67,179.99,4.1,128.0,18,128.0,6.8,0
669.0,0.0,669.0,4.2,128.0,15,256.0,6.7,2
169.99,9.57,187.98,4.0,128.0,138,128.0,6.4,0
1099.0,0.0,1099.0,3.6,127.0,15,64.0,6.5,2
116.99,0.0,116.99,4.0,127.0,118,256.0,6.56,0
363.51,0.0,363.51,4.1,126.0,138,128.0,6.9,1
489.98,47.31,929.97,3.8,126.0,138,512.0,6.8,2
249.99,0.0,249.99,4.1,125.0,177,256.0,6.78,1
48.93,21.64,62.44,3.7,125.0,32,16.0,2.8,0
179.49,0.0,179.49,3.5,124.0,178,4.0,5.7,0
89.99,0.0,89.99,4.2,124.0,108,128.0,6.7,0
59.99,0.0,59.99,3.8,124.0,18,2.0,6.4,0
208.75,0.0,208.75,4.1,124.0,138,128.0,6.2,1
129.0,0.0,129.0,3.8,123.0,138,16.0,5.0,0
218.89,60.56,554.98,4.3,123.0,138,6.0,6.4,1
640.44,0.0,640.44,4.0,123.0,15,64.0,6.1,2
594.99,0.0,594.99,4.2,123.0,188,512.0,6.67,2
774.98,0.0,774.98,4.2,123.0,138,256.0,6.8,2
59.99,0.0,59.99,3.4,122.0,83,16.0,3.0,0
119.99,25.0,159.99,4.2,122.0,38,64.0,5.5,0
79.99,0.0,79.99,3.8,122.0,173,4.0,6.7,0
398.94,0.0,398.94,3.7,121.0,108,256.0,6.2,1
269.98,0.0,269.98,4.1,121.0,138,128.0,5.8,1
199.99,0.0,199.99,3.6,120.0,102,128.0,6.1,0
229.5,0.0,229.5,4.4,120.0,108,12.0,6.5,1
68.98,0.0,68.98,3.8,120.0,178,16.0,2.8,0
164.95,0.0,164.95,4.1,120.0,108,128.0,6.8,0
99.99,0.0,99.99,4.1,119.0,166,64.0,6.1,0
230.0,61.6,599.0,4.0,119.0,15,64.0,6.1,1
139.99,12.5,159.99,3.3,118.0,173,128.0,6.3,0
269.99,10.0,299.99,4.4,118.0,38,256.0,6.58,1
129.99,0.0,129.99,4.1,118.0,169,16.0,5.0,0
41.7,0.0,41.7,4.0,118.0,108,32.0,5.7,0
149.0,0.0,149.0,4.1,118.0,119,128.0,6.55,0
129.67,0.0,129.67,3.7,118.0,113,64.0,6.58,0
162.0,0.0,162.0,4.0,117.0,119,8.0,6.55,0
99.99,0.0,99.99,3.3,117.0,172,64.0,3.0,0
379.5,8.49,414.72,4.3,117.0,188,256.0,6.67,1
294.9,0.0,294.9,3.9,116.0,138,128.0,6.7,1
543.0,0.0,543.0,3.8,116.0,138,256.0,6.7,2
269.97,0.0,269.97,4.0,116.0,138,64.0,5.8,1
79.99,0.0,79.99,3.5,116.0,138,32.0,6.4,0
99.0,0.0,99.0,3.7,116.0,102,16.0,6.2,0
159.99,0.0,159.99,3.8,115.0,173,128.0,6.7,0
274.99,0.0,274.99,4.4,115.0,138,128.0,6.4,1
62.99,0.0,62.99,3.8,114.0,28,16.0,2.8,0
142.9,52.37,299.99,3.5,114.0,102,128.0,6.4,0
99.99,0.0,99.99,3.8,114.0,98,16.0,2.6,0
289.99,0.0,289.99,3.6,113.0,118,256.0,6.78,1
158.7,18.61,194.99,4.3,113.0,108,256.0,6.5,0
99.99,0.0,99.99,3.4,113.0,173,128.0,6.53,0
229.5,0.0,229.5,4.0,113.0,188,128.0,6.5,1
275.77,0.0,275.77,3.9,113.0,102,128.0,6.4,1
389.99,35.0,599.99,3.9,112.0,108,256.0,6.9,1
67.9,0.0,67.9,4.0,112.0,108,32.0,6.5,0
89.99,0.0,89.99,4.0,112.0,108,64.0,5.5,0
99.98,38.2,161.79,3.9,111.0,73,128.0,6.3,0
99.99,0.0,99.99,3.9,111.0,173,128.0,6.52,0
390.0,0.0,390.0,4.2,111.0,188,128.0,6.73,1
121.61,16.13,144.99,4.3,111.0,138,128.0,5.8,0
267.5,0.0,267.5,4.3,111.0,188,512.0,6.67,1
78.96,11.28,89.0,3.8,110.0,138,32.0,6.5,0
87.99,0.0,87.99,3.8,109.0,13,4.0,2.8,0
520.0,0.0,520.0,3.8,109.0,138,128.0,6.4,2
69.99,0.0,69.99,4.0,109.0,83,32.0,3.0,0
139.99,0.0,139.99,3.6,109.0,90,8.0,2.8,0
104.99,4.55,109.99,4.0,108.0,177,128.0,6.52,0
509.99,0.0,509.99,4.3,108.0,138,512.0,6.8,2
299.99,0.0,299.99,4.0,107.0,177,256.0,6.58,1
129.99,30.85,187.99,3.5,107.0,173,128.0,6.6,0
347.25,0.0,347.25,4.2,107.0,138,128.0,6.9,1
242.84,0.0,242.84,4.0,107.0,169,128.0,6.6,1
189.0,0.0,189.0,4.0,107.0,73,4.0,5.5,0
299.99,0.0,299.99,4.2,107.0,138,128.0,6.6,1
113.44,40.29,190.0,4.0,107.0,138,64.0,6.5,0
134.0,0.0,134.0,3.8,107.0,102,32.0,5.7,0
289.0,0.0,289.0,4.7,107.0,188,12.0,6.67,1
339.0,0.0,339.0,4.3,106.0,188,128.0,6.67,1
169.79,0.0,169.79,4.4,106.0,188,128.0,6.79,0
329.97,0.0,329.97,4.2,106.0,15,256.0,6.5,1
138.44,0.0,138.44,4.1,105.0,138,128.0,6.5,0
89.98,7.24,97.0,4.3,105.0,138,32.0,6.5,0
99.9,16.03,118.97,4.1,105.0,138,64.0,6.7,0
338.0,0.0,338.0,4.4,104.0,138,256.0,6.6,1
379.5,0.0,379.5,4.0,104.0,138,256.0,6.4,1
118.0,0.0,118.0,4.1,104.0,138,64.0,6.5,0
135.99,0.0,135.99,3.6,103.0,173,128.0,6.7,0
144.0,0.0,144.0,4.1,103.0,138,128.0,6.5,0
85.39,5.0,89.88,3.7,103.0,157,64.0,6.5,0
239.0,0.0,239.0,4.0,103.0,138,128.0,6.7,1
463.94,4.93,488.0,3.9,103.0,138,12.0,6.8,2
149.99,0.0,149.99,3.9,102.0,138,16.0,5.0,0
174.99,0.0,174.99,4.1,102.0,206,128.0,1.7,0
89.0,16.24,106.26,3.2,102.0,108,128.0,7.0,0
42.0,4.52,43.99,3.0,102.0,158,4.0,2.8,0
209.99,0.0,209.99,4.1,102.0,177,128.0,6.52,1
429.99,0.0,429.99,4.2,100.0,138,128.0,6.1,2
99.95,0.0,99.95,4.4,99.0,192,1000.0,6.75,0
69.68,0.0,69.68,3.5,99.0,98,16.0,5.7,0
93.55,81.29,499.99,3.3,98.0,138,512.0,6.3,0
48.88,0.0,48.88,3.8,98.0,168,32.0,6.5,0
138.95,72.21,499.99,3.9,98.0,138,512.0,6.3,0
709.99,5.92,754.7,3.8,98.0,15,1000.0,6.7,2
299.97,0.0,299.97,4.0,98.0,15,64.0,6.1,1
127.95,12.92,146.94,4.1,97.0,119,128.0,6.43,0
358.8,5.58,379.99,3.7,97.0,102,8.0,3.0,1
129.99,0.0,129.99,4.3,97.0,108,128.0,6.4,0
699.99,30.0,999.99,3.7,96.0,153,128.0,6.1,2
243.68,0.0,243.68,4.0,96.0,73,4.0,6.3,1
493.9,0.0,493.9,4.1,96.0,138,512.0,6.8,2
479.5,0.0,479.5,4.2,95.0,138,256.0,6.4,2
109.99,0.0,109.99,4.1,95.0,138,128.0,6.7,0
205.64,0.0,205.64,4.0,94.0,73,64.0,5.5,1
93.98,0.0,93.98,3.9,94.0,138,32.0,6.5,0
199.99,0.0,199.99,4.1,93.0,118,128.0,6.52,0
227.5,8.82,249.5,4.4,93.0,188,256.0,6.67,1
139.98,0.0,139.98,4.5,93.0,188,128.0,2.65354474,0
221.63,0.0,221.63,4.3,93.0,138,128.0,6.7,1
301.5,0.0,301.5,4.0,92.0,138,32.0,5.6,1
589.0,45.46,1079.95,3.7,92.0,138,512.0,6.7,2
446.0,0.0,446.0,3.7,92.0,138,256.0,7.6,2
169.0,0.0,169.0,3.7,91.0,108,64.0,5.5,0
138.73,0.0,138.73,4.1,91.0,188,64.0,6.85,0
570.49,8.58,624.0,3.8,91.0,73,12.0,6.7,2
116.1,33.28,174.0,3.9,90.0,157,128.0,6.82,0
164.4,8.16,179.0,4.0,90.0,138,128.0,6.5,0
943.99,47.12,1785.0,4.0,90.0,73,256.0,7.6,2
69.0,53.98,149.95,3.9,88.0,108,64.0,6.7,0
299.95,0.0,299.95,3.7,88.0,102,128.0,6.8,1
89.99,30.77,129.99,3.8,88.0,18,128.0,6.8,0
260.0,0.0,260.0,3.9,88.0,15,256.0,6.5,1
224.95,35.26,347.44,3.9,88.0,138,128.0,6.4,1
389.0,0.0,389.0,4.1,87.0,138,64.0,6.2,1
999.0,0.0,999.0,4.6,87.0,84,512.0,6.81,2
149.99,62.41,399.0,3.6,87.0,28,128.0,5.7,0
77.89,0.0,77.89,3.9,87.0,138,16.0,5.5,0
49.3,44.61,89.0,3.4,86.0,13,4.0,2.8,0
59.99,0.0,59.99,3.2,85.0,36,16.0,3.0,0
134.5,0.0,134.5,4.1,85.0,102,64.0,5.7,0
139.99,12.5,159.99,4.0,85.0,118,64.0,6.49,0
117.95,0.0,117.95,3.6,84.0,102,4.0,6.1,0
64.99,0.0,64.99,4.0,84.0,192,16.0,5.0,0
499.0,0.0,499.0,4.0,84.0,15,64.0,6.1,2
726.0,9.93,806.0,4.2,84.0,138,512.0,6.8,2
601.69,14.04,699.98,4.1,84.0,138,512.0,7.6,2
69.99,0.0,69.99,3.9,84.0,108,32.0,6.0,0
99.99,0.0,99.99,3.6,83.0,173,64.0,6.52,0
271.94,0.0,271.94,4.4,83.0,188,256.0,6.67,1
138.94,0.0,138.94,2.8,83.0,98,32.0,5.0,0
316.85,0.0,316.85,3.6,82.0,138,256.0,6.7,1
134.95,51.8,279.99,3.6,82.0,102,64.0,6.8,0
214.0,0.0,214.0,4.4,82.0,138,128.0,6.4,1
949.99,22.13,1219.99,4.2,81.0,138,512.0,6.7,2
51.99,0.0,51.99,3.1,81.0,55,16.0,5.0,0
214.99,0.0,214.99,4.4,80.0,188,8.0,40.551203,1
44.99,0.0,44.99,3.2,80.0,13,1.0,5.0,0
49.9,37.42,79.74,3.6,80.0,158,32.0,5.5,0
101.97,0.0,101.97,4.2,80.0,108,32.0,6.5,0
159.99,15.79,189.99,4.2,80.0,118,256.0,6.6,0
119.98,0.0,119.98,4.5,80.0,54,4.0,5.0,0
397.79,0.0,397.79,3.8,80.0,138,32.0,5.1,1
699.0,0.0,699.0,4.3,80.0,7,16.0,6.78,2
499.99,0.0,499.99,4.0,79.0,177,512.0,6.58,2
133.86,0.0,133.86,3.9,79.0,73,128.0,6.2,0
149.99,0.0,149.99,3.7,79.0,119,128.0,6.5,0
269.99,15.63,319.99,3.6,79.0,4,128.0,6.52,1
79.0,0.0,79.0,4.0,79.0,108,64.0,6.7,0
178.99,0.0,178.99,3.4,79.0,173,128.0,6.5,0
369.97,0.0,369.97,4.2,78.0,138,64.0,6.3,1
299.0,0.0,299.0,4.6,78.0,188,128.0,6.67,1
69.99,0.0,69.99,3.5,78.0,140,32.0,5.5,0
145.57,0.0,145.57,3.9,78.0,138,128.0,6.5,0
499.99,0.0,499.99,4.5,77.0,188,256.0,6.0,2
119.99,0.0,119.99,3.9,77.0,138,128.0,6.7,0
176.61,0.0,176.61,4.2,76.0,138,64.0,6.3,0
75.99,0.0,75.99,3.1,76.0,174,32.0,2.4,0
525.0,0.0,525.0,3.9,76.0,138,256.0,6.4,2
169.99,15.0,199.99,3.9,76.0,173,128.0,6.75,0
68.52,0.0,68.52,2.1,75.0,164,64.0,6.4,0
229.85,14.11,267.62,4.4,75.0,138,8.0,6.4,1
584.97,0.0,584.97,4.5,75.0,15,128.0,6.7,2
344.95,37.28,549.99,4.4,75.0,138,128.0,6.4,1
51.0,0.0,51.0,3.9,74.0,120,16.0,5.5,0
58.62,20.03,73.3,3.0,74.0,126,512.0,2.4,0
767.14,0.0,767.14,4.0,74.0,15,128.0,6.1,2
300.0,0.0,300.0,4.2,73.0,73,64.0,6.3,1
699.99,0.0,699.99,4.1,73.0,177,512.0,6.58,2
179.99,23.37,234.88,4.2,73.0,119,128.0,6.55,0
499.99,39.32,823.99,4.1,73.0,119,8.0,6.7,2
668.39,0.0,668.39,3.6,73.0,138,512.0,7.6,2
120.0,25.0,159.99,4.2,73.0,138,64.0,6.6,0
259.99,0.0,259.99,4.1,72.0,102,6.0,6.8,1
254.99,0.0,254.99,4.5,72.0,188,256.0,6.67,1
69.99,0.0,69.99,3.3,72.0,10,32.0,6.5,0
289.99,0.0,289.99,4.3,72.0,188,128.0,6.05,1
194.99,0.0,194.99,3.7,72.0,121,64.0,5.6,0
679.0,0.0,679.0,4.2,71.0,15,128.0,6.1,2
190.0,0.0,190.0,4.5,71.0,108,4.0,6.5,0
314.98,0.0,314.98,4.1,71.0,138,64.0,6.3,1
629.5,0.0,629.5,4.2,71.0,188,512.0,6.67,2
201.99,0.0,201.99,4.4,70.0,127,6.0,6.43,1
296.69,0.0,296.69,3.9,70.0,108,32.0,5.5,1
139.99,0.0,139.99,4.1,70.0,177,32.0,5.5,0
274.0,0.0,274.0,4.3,70.0,84,256.0,6.67,1
235.49,0.0,235.49,4.1,70.0,138,256.0,6.3,1
299.98,0.0,299.98,4.1,69.0,138,64.0,6.2,1
289.99,0.0,289.99,3.8,69.0,118,256.0,6.78,1
108.0,4.84,113.49,4.2,69.0,108,6.0,6.8,0
239.99,0.0,239.99,4.2,69.0,73,8.0,6.3,1
306.0,0.0,306.0,4.0,69.0,138,128.0,6.6,1
600.0,10.45,669.99,4.1,69.0,188,512.0,6.67,2
118.68,0.0,118.68,4.1,68.0,108,128.0,6.8,0
89.99,48.28,174.0,3.7,68.0,108,32.0,5.5,0
209.95,30.01,299.99,3.7,68.0,138,128.0,6.2,1
205.0,47.3,389.0,3.8,68.0,119,8.0,6.7,1
1619.99,19.8,2019.99,4.1,68.0,138,512.0,7.6,2
89.62,10.15,99.74,3.8,67.0,155,32.0,4.7,0
229.99,14.82,269.99,3.8,67.0,4,64.0,6.5,1
69.99,0.0,69.99,3.8,67.0,156,32.0,3.0,0
99.99,0.0,99.99,3.7,67.0,152,8.0,2.6,0
342.0,14.29,399.0,4.1,67.0,15,256.0,6.5,1
149.99,0.0,149.99,4.5,67.0,84,128.0,6.5,0
140.0,15.66,166.0,3.9,66.0,138,64.0,6.2,0
189.21,0.0,189.21,3.9,66.0,108,128.0,6.7,0
754.02,0.0,754.02,4.3,66.0,138,512.0,6.8,2
221.27,18.27,270.74,4.0,66.0,108,128.0,6.7,1
59.99,0.0,59.99,3.8,66.0,102,16.0,5.0,0
1785.0,0.0,1785.0,4.1,66.0,73,256.0,5.8,2
129.95,0.0,129.95,3.7,66.0,18,128.0,6.5,0
250.0,0.0,250.0,3.7,66.0,138,64.0,6.2,1
279.98,0.0,279.98,3.9,66.0,138,64.0,6.3,1
399.0,0.0,399.0,3.6,66.0,28,128.0,5.7,1
181.0,0.0,181.0,4.3,65.0,15,64.0,6.1,0
369.99,0.0,369.99,4.0,65.0,38,256.0,6.58,1
69.99,0.0,69.99,3.5,64.0,36,16.0,3.0,0
599.0,0.0,599.0,4.1,64.0,188,512.0,6.67,2
89.99,0.0,89.99,3.4,64.0,173,64.0,6.53,0
329.99,0.0,329.99,4.3,64.0,84,128.0,6.67,1
209.99,0.0,209.99,4.4,64.0,188,256.0,6.28,1
589.97,0.0,589.97,4.3,64.0,15,128.0,6.7,2
238.89,10.86,268.0,4.0,63.0,138,128.0,6.9,1
399.99,0.0,399.99,4.1,63.0,138,6.0,6.4,1
52.99,0.0,52.99,3.0,63.0,130,128.0,5.0,0
59.22,0.0,59.22,3.3,63.0,113,32.0,5.7,0
145.0,0.0,145.0,4.0,63.0,138,64.0,6.5,0
329.99,0.0,329.99,4.3,62.0,118,256.0,6.6,1
68.99,0.0,68.99,3.4,62.0,80,16.0,6.5,0
445.2,0.0,445.2,4.7,62.0,138,128.0,6.1,2
349.0,0.0,349.0,4.0,62.0,73,128.0,6.2,1
154.98,0.0,154.98,4.2,62.0,138,128.0,6.5,0
99.99,0.0,99.99,3.2,62.0,113,64.0,6.52,0
465.0,0.0,465.0,3.9,61.0,78,8.0,6.58,2
89.99,0.0,89.99,3.6,61.0,108,32.0,5.7,0
169.99,0.0,169.99,3.5,60.0,173,128.0,6.7,0
549.99,0.0,549.99,3.8,60.0,177,256.0,6.58,2
224.0,0.0,224.0,4.3,60.0,188,512.0,6.67,1
173.74,0.0,173.74,3.9,60.0,138,128.0,6.4,0
609.99,0.0,609.99,4.5,60.0,119,16.0,6.7,2
76.99,0.0,76.99,3.9,60.0,18,32.0,6.0,0
109.99,0.0,109.99,3.8,59.0,113,32.0,6.3,0
975.0,0.0,975.0,4.5,59.0,138,256.0,6.0,2
143.99,0.0,143.99,4.3,58.0,173,128.0,6.75,0
118.0,0.0,118.0,4.2,58.0,138,128.0,6.7,0
699.99,12.5,799.99,4.4,58.0,138,256.0,6.8,2
48.99,0.0,48.99,3.0,58.0,140,16.0,5.5,0
187.99,0.0,187.99,4.4,58.0,188,256.0,6.67,0
369.97,0.0,369.97,3.8,58.0,183,64.0,6.3,1
109.99,0.0,109.99,3.9,57.0,108,16.0,5.5,0
79.95,0.0,79.95,3.9,57.0,138,2.0,5.7,0
69.99,0.0,69.99,3.6,57.0,138,16.0,5.5,0
14.99,0.0,14.99,3.7,56.0,169,4.0,1.7,0
369.99,0.0,369.99,4.4,56.0,177,256.0,6.78,1
149.99,0.0,149.99,4.3,56.0,188,128.0,6.53,0
49.99,37.5,79.98,3.3,56.0,140,16.0,2.8,0
399.99,0.0,399.99,4.2,56.0,138,128.0,5.8,1
237.0,0.0,237.0,3.9,56.0,138,128.0,6.7,1
399.99,0.0,399.99,4.1,56.0,119,8.0,6.7,1
89.99,0.0,89.99,2.9,56.0,108,32.0,5.4,0
137.99,55.55,310.41,3.9,56.0,108,128.0,6.8,0
199.99,0.0,199.99,4.0,56.0,38,128.0,6.0,0
474.97,0.0,474.97,4.3,54.0,138,128.0,6.3,2
107.99,0.0,107.99,3.2,54.0,102,32.0,6.2,0
199.99,0.0,199.99,3.8,54.0,138,128.0,6.2,0
349.74,0.0,349.74,3.9,54.0,73,128.0,6.7,1
289.98,0.0,289.98,3.8,54.0,138,64.0,5.8,1
103.61,19.68,129.0,3.7,53.0,126,32.0,4.7,0
199.99,0.0,199.99,4.2,53.0,102,64.0,6.0,0
39.99,6.32,42.69,3.7,53.0,13,16.0,5.0,0
734.98,45.48,1347.99,4.0,53.0,138,256.0,7.6,2
199.68,28.6,279.68,3.9,53.0,26,3.0,5.5,0
189.0,0.0,189.0,3.7,52.0,169,64.0,4.7,0
159.0,6.44,169.95,3.2,52.0,73,128.0,6.1,0
74.99,0.0,74.99,3.4,52.0,177,64.0,6.82,0
219.94,7.55,237.89,4.4,52.0,138,256.0,6.3,1
748.96,37.59,1199.97,3.9,52.0,138,512.0,6.8,2
244.99,0.0,244.99,4.0,51.0,138,128.0,6.7,1
83.99,0.0,83.99,3.7,51.0,108,32.0,2.0,0
369.97,0.0,369.97,4.0,51.0,138,64.0,6.3,1
577.71,0.0,577.71,3.9,51.0,15,128.0,6.7,2
79.99,0.0,79.99,3.5,51.0,98,16.0,4.5,0
149.99,0.0,149.99,3.9,50.0,177,64.0,5.45,0
69.99,0.0,69.99,3.8,50.0,11,32.0,3.0,0
369.99,7.5,399.99,3.7,50.0,78,128.0,6.47,1
997.9,33.47,1499.99,4.1,49.0,138,512.0,7.6,2
125.99,0.0,125.99,4.0,49.0,167,64.0,4.7,0
199.72,0.0,199.72,3.7,49.0,138,64.0,6.5,0
77.38,0.0,77.38,3.4,49.0,157,32.0,6.5,0
19.99,0.0,19.99,3.2,49.0,18,32.0,1.8,0
150.0,0.0,150.0,3.5,49.0,98,8.0,2.6,0
289.97,0.0,289.97,4.3,49.0,188,128.0,6.67,1
689.99,0.0,689.99,4.0,49.0,0,512.0,6.79,2
212.73,0.0,212.73,4.3,48.0,138,128.0,6.7,1
149.99,0.0,149.99,3.1,48.0,98,64.0,5.0,0
86.54,0.0,86.54,3.8,48.0,126,16.0,5.5,0
39.99,0.0,39.99,3.8,47.0,168,32.0,6.1,0
89.99,0.0,89.99,2.1,47.0,132,2.0,6.7,0
199.5,0.0,199.5,3.8,47.0,138,128.0,4.0,0
38.41,0.0,38.41,3.2,47.0,35,128.0,1.8,0
109.95,0.0,109.95,3.2,47.0,13,32.0,2.8,0
99.0,0.0,99.0,3.5,47.0,113,64.0,6.52,0
187.99,0.0,187.99,4.6,47.0,188,256.0,6.67,0
67.95,0.0,67.95,3.8,47.0,101,32.0,2.8,0
259.0,0.0,259.0,3.7,47.0,38,256.0,6.58,1
39.88,0.0,39.88,3.5,46.0,169,32.0,6.1,0
209.55,0.0,209.55,4.1,46.0,138,32.0,5.5,1
449.99,0.0,449.99,4.0,46.0,38,256.0,6.6,2
265.0,0.0,265.0,4.2,46.0,138,128.0,6.6,1
794.98,0.0,794.98,4.2,46.0,138,128.0,7.0,2
169.99,0.0,169.99,3.6,46.0,31,256.0,6.58,0
198.0,11.21,223.0,3.6,46.0,138,256.0,6.2,0
127.44,12.08,144.95,3.8,46.0,158,4.0,6.67,0
569.99,0.0,569.99,4.2,46.0,118,24.0,6.78,2
329.95,0.0,329.95,4.3,45.0,138,256.0,6.7,1
269.97,0.0,269.97,4.1,45.0,138,64.0,5.8,1
426.0,43.2,749.97,3.9,45.0,138,128.0,6.8,2
291.99,16.34,349.0,4.2,45.0,138,256.0,6.3,1
81.0,0.0,81.0,3.9,45.0,119,64.0,6.52,0
69.5,0.0,69.5,4.0,45.0,108,2.0,6.5,0
89.99,0.0,89.99,2.3,45.0,110,16.0,6.7,0
49.63,0.0,49.63,4.3,45.0,169,4.0,6.53,0
81.67,0.0,81.67,2.1,44.0,47,4.0,5.4,0
387.99,0.0,387.99,3.4,44.0,98,32.0,5.4,1
39.99,0.0,39.99,3.5,44.0,151,32.0,5.5,0
59.95,0.0,59.95,3.5,43.0,108,16.0,5.0,0
289.98,0.0,289.98,3.8,43.0,138,64.0,5.8,1
134.99,6.9,144.99,3.9,43.0,177,512.0,6.52,0
399.99,0.0,399.99,4.2,43.0,31,512.0,6.58,1
299.98,0.0,299.98,3.9,43.0,138,64.0,6.2,1
269.0,0.0,269.0,4.7,43.0,188,256.0,6.67,1
239.99,0.0,239.99,3.9,43.0,188,256.0,6.67,1
158.99,14.06,185.0,4.0,43.0,138,4.0,6.2,0
179.95,0.0,179.95,3.9,42.0,119,128.0,6.55,0
134.99,15.1,159.0,3.8,42.0,138,128.0,6.5,0
56.99,0.0,56.99,2.9,42.0,113,4.0,2.0,0
65.76,49.41,129.99,3.2,42.0,102,64.0,6.1,0
179.95,0.0,179.95,4.4,42.0,73,64.0,6.0,0
224.52,0.0,224.52,4.0,42.0,138,128.0,6.1,1
89.99,0.0,89.99,2.3,41.0,110,16.0,6.7,0
179.0,0.0,179.0,3.7,41.0,138,64.0,6.5,0
329.99,15.38,389.97,4.2,41.0,138,128.0,6.1,1
68.96,0.0,68.96,4.2,41.0,187,16.0,6.0,0
70.22,0.0,70.22,2.3,41.0,6,32.0,6.1,0
211.05,0.0,211.05,4.0,41.0,138,128.0,6.5,1
1199.99,0.0,1199.99,3.7,41.0,7,16.0,6.78,2
696.08,0.0,696.08,3.7,40.0,15,512.0,6.7,2
72.99,0.0,72.99,3.7,40.0,90,8.0,2.8,0
490.0,0.0,490.0,3.6,40.0,188,256.0,6.67,2
399.97,0.0,399.97,3.4,40.0,73,64.0,6.3,1
635.0,0.0,635.0,4.1,40.0,138,256.0,7.6,2
998.48,0.0,998.48,4.5,39.0,138,12.0,6.8,2
159.99,0.0,159.99,4.6,39.0,118,128.0,6.52,0
146.98,6.08,156.5,3.8,39.0,188,6.0,6.67,0
84.0,0.0,84.0,3.6,39.0,138,32.0,6.6,0
139.99,0.0,139.99,3.9,39.0,108,128.0,6.5,0
122.41,0.0,122.41,3.9,39.0,138,32.0,6.5,0
144.99,0.0,144.99,2.3,39.0,201,256.0,6.7,0
484.5,0.0,484.5,4.3,39.0,138,256.0,6.4,2
109.99,0.0,109.99,4.6,39.0,23,32.0,6.9,0
98.44,0.0,98.44,3.7,39.0,113,64.0,6.52,0
573.99,0.0,573.99,3.7,39.0,32,6.0,6.58,2
199.99,0.0,199.99,4.1,39.0,60,128.0,5.45,0
499.99,20.64,629.99,4.5,39.0,38,512.0,6.66,2
69.99,0.0,69.99,2.7,39.0,98,32.0,5.0,0
89.99,0.0,89.99,4.1,38.0,108,64.0,6.5,0
192.98,0.0,192.98,4.2,38.0,138,128.0,6.4,0
279.99,0.0,279.99,3.6,38.0,0,256.0,4.3,1
279.72,0.0,279.72,3.9,38.0,73,128.0,6.1,1
393.99,21.04,499.0,4.1,38.0,73,8.0,6.2,1
174.9,0.0,174.9,3.7,38.0,138,128.0,6.5,0
338.5,5.97,359.99,4.3,38.0,138,128.0,6.8,1
133.0,0.0,133.0,4.0,37.0,108,128.0,6.8,0
105.9,0.0,105.9,4.0,37.0,108,4.0,6.5,0
329.0,0.0,329.0,4.2,37.0,119,128.0,6.55,1
118.99,0.0,118.99,3.8,37.0,138,128.0,6.7,0
679.97,0.0,679.97,4.5,37.0,15,256.0,6.7,2
89.99,25.0,119.99,4.0,37.0,108,128.0,6.6,0
899.0,0.0,899.0,4.3,37.0,15,64.0,5.8,2
74.0,0.0,74.0,3.8,37.0,102,64.0,6.0,0
299.35,0.0,299.35,4.3,37.0,138,128.0,6.6,1
99.99,40.83,168.98,4.2,36.0,108,128.0,6.6,0
920.98,0.0,920.98,4.3,36.0,138,256.0,6.0,2
349.99,12.5,399.99,4.4,36.0,108,256.0,6.7,1
98.99,34.0,149.99,3.7,36.0,108,4.0,6.5,0
249.99,0.0,249.99,4.4,36.0,60,256.0,6.58,1
149.99,9.63,165.97,4.1,35.0,138,128.0,6.4,0
249.99,0.0,249.99,4.3,35.0,177,128.0,6.58,1
349.99,0.0,349.99,3.9,35.0,138,128.0,6.4,1
529.0,0.0,529.0,4.2,35.0,188,256.0,6.67,2
109.99,21.43,139.99,4.3,35.0,38,128.0,6.56,0
83.3,0.0,83.3,3.9,35.0,138,16.0,5.5,0
49.69,7.52,53.73,3.1,35.0,190,16.0,3.0,0
113.73,0.0,113.73,4.1,35.0,108,128.0,6.7,0
354.19,0.0,354.19,4.0,35.0,138,128.0,6.9,1
105.0,30.0,149.99,3.9,35.0,108,128.0,6.5,0
669.95,0.0,669.95,3.8,35.0,138,256.0,6.8,2
269.99,0.0,269.99,4.6,34.0,188,12.0,6.67,1
265.68,0.0,265.68,4.1,34.0,138,128.0,6.7,1
985.0,34.33,1499.99,4.3,34.0,138,12.0,7.6,2
250.0,0.0,250.0,3.6,34.0,138,256.0,6.7,1
249.0,0.0,249.0,3.8,34.0,138,128.0,6.7,1
137.1,0.0,137.1,4.2,34.0,188,128.0,6.74,0
459.99,0.0,459.99,4.2,34.0,138,256.0,6.8,2
299.99,0.0,299.99,4.1,34.0,188,128.0,6.55,1
242.0,0.0,242.0,3.3,33.0,15,64.0,6.5,1
86.94,0.0,86.94,4.0,33.0,138,32.0,6.5,0
127.95,0.0,127.95,4.1,33.0,138,128.0,6.6,0
65.97,0.0,65.97,2.7,33.0,47,4.0,5.7,0
719.0,0.0,719.0,4.0,33.0,15,1000.0,6.7,2
147.7,0.0,147.7,4.3,33.0,138,128.0,6.5,0
319.99,0.0,319.99,3.9,33.0,0,256.0,6.81,1
1049.7,0.0,1049.7,4.2,33.0,15,128.0,6.7,2
584.97,0.0,584.97,4.5,33.0,15,128.0,6.7,2
162.0,9.97,179.94,3.5,33.0,119,128.0,6.7,0
199.99,0.0,199.99,3.7,33.0,23,4.0,6.56,0
704.13,7.32,759.75,3.6,33.0,15,1000.0,6.7,2
47.49,0.0,47.49,3.4,32.0,35,8.0,2.5,0
53.92,10.12,59.99,3.7,32.0,168,128.0,6.52,0
649.97,0.0,649.97,4.1,32.0,138,512.0,6.8,2
99.43,0.0,99.43,3.9,32.0,138,64.0,6.4,0
539.0,0.0,539.0,4.6,32.0,206,512.0,6.7,2
274.95,0.0,274.95,4.2,32.0,119,256.0,6.72,1
799.98,33.33,1199.97,4.1,32.0,138,512.0,6.8,2
249.99,0.0,249.99,4.1,32.0,177,128.0,6.58,1
567.81,9.73,629.0,3.9,32.0,15,256.0,6.7,2
83.7,9.75,92.74,3.7,32.0,138,32.0,6.5,0
52.98,10.64,59.29,3.6,32.0,138,32.0,6.5,0
69.69,0.0,69.69,4.1,32.0,24,4.0,2.8,0
379.99,20.17,476.0,4.3,31.0,138,8.0,6.6,1
819.99,0.0,819.99,4.4,31.0,138,256.0,6.8,2
249.99,0.0,249.99,4.0,31.0,138,128.0,6.7,1
349.99,0.0,349.99,3.8,31.0,179,8.0,6.81,1
399.99,0.0,399.99,3.9,31.0,113,128.0,6.67,1
99.99,0.0,99.99,2.3,31.0,186,512.0,6.7,0
129.99,0.0,129.99,3.4,30.0,173,128.0,6.7,0
239.99,0.0,239.99,4.1,30.0,31,256.0,6.58,1
176.99,0.0,176.99,4.4,30.0,138,256.0,6.5,0
581.97,0.0,581.97,4.4,30.0,15,128.0,6.7,2
85.0,0.0,85.0,3.6,30.0,138,8.0,5.5,0
456.0,0.0,456.0,3.3,30.0,138,256.0,7.6,2
579.99,0.0,579.99,3.9,30.0,15,128.0,6.7,2
357.46,0.0,357.46,4.1,30.0,138,128.0,6.9,1
33.0,0.0,33.0,2.3,30.0,152,8.0,2.6,0
105.69,0.0,105.69,2.7,30.0,184,8.0,6.3,0
569.99,0.0,569.99,4.2,30.0,119,512.0,6.7,2
139.99,0.0,139.99,3.6,29.0,173,128.0,6.3,0
498.4,4.89,524.0,4.2,29.0,188,512.0,6.67,2
199.99,0.0,199.99,3.6,29.0,119,128.0,6.55,0
304.99,0.0,304.99,3.7,29.0,188,128.0,1.5,1
674.97,0.0,674.97,4.4,29.0,15,256.0,6.7,2
99.88,0.0,99.88,4.2,29.0,151,64.0,6.5,0
399.99,0.0,399.99,4.1,29.0,118,256.0,6.6,1
69.99,0.0,69.99,3.4,29.0,107,0.1,1.77,0
119.99,0.0,119.99,4.1,28.0,138,32.0,6.2,0
299.99,0.0,299.99,4.3,28.0,177,256.0,6.58,1
499.99,0.0,499.99,3.9,28.0,113,128.0,6.49,2
136.5,0.0,136.5,4.5,28.0,135,256.0,6.74,0
299.99,0.0,299.99,3.9,28.0,38,512.0,6.58,1
999.0,0.0,999.0,4.3,28.0,73,128.0,6.3,2
869.0,0.0,869.0,4.4,28.0,138,512.0,6.8,2
329.95,0.0,329.95,3.5,28.0,138,256.0,6.7,1
209.66,0.0,209.66,4.1,27.0,73,128.0,6.4,1
189.99,0.0,189.99,4.2,27.0,177,256.0,6.78,0
994.63,9.5,1099.0,3.7,27.0,15,256.0,6.7,2
266.0,0.0,266.0,3.8,27.0,138,128.0,6.1,1
870.0,8.81,954.0,4.5,27.0,15,128.0,6.1,2
72.49,0.0,72.49,2.8,27.0,6,32.0,5.5,0
84.99,0.0,84.99,3.5,27.0,173,64.0,6.52,0
89.99,0.0,89.99,2.4,27.0,110,32.0,6.82,0
199.99,0.0,199.99,4.7,27.0,118,256.0,6.52,0
358.89,0.0,358.89,3.8,27.0,138,256.0,6.6,1
169.99,0.0,169.99,4.4,27.0,177,64.0,6.52,0
115.46,0.0,115.46,4.4,26.0,188,128.0,6.74,0
318.0,0.0,318.0,4.4,26.0,138,256.0,6.7,1
465.0,6.63,498.0,3.7,26.0,138,256.0,6.8,2
200.71,0.0,200.71,4.3,26.0,138,128.0,6.2,1
299.98,0.0,299.98,4.0,26.0,138,64.0,6.2,1
39.99,0.0,39.99,3.8,26.0,113,0.0,1.8,0
142.99,0.0,142.99,4.3,26.0,38,8.0,5.45,0
169.99,0.0,169.99,2.1,26.0,201,256.0,6.8,0
139.99,0.0,139.99,3.4,26.0,173,128.0,6.3,0
639.99,0.0,639.99,4.0,26.0,15,256.0,6.7,2
38.03,0.0,38.03,3.0,26.0,44,0.0,2.6,0
101.04,8.14,109.99,4.1,26.0,108,64.0,6.7,0
134.7,0.0,134.7,4.2,26.0,135,256.0,6.74,0
227.0,0.0,227.0,4.4,26.0,15,128.0,6.5,1
134.99,6.9,144.99,3.9,25.0,177,512.0,6.52,0
39.99,0.0,39.99,2.7,25.0,56,16.0,2.45,0
329.99,9.34,364.0,3.2,25.0,138,128.0,6.4,1
129.99,27.68,179.74,4.0,25.0,108,4.0,6.5,0
299.99,0.0,299.99,4.2,25.0,138,128.0,6.6,1
207.88,0.0,207.88,4.6,25.0,138,256.0,6.5,1
969.99,0.0,969.99,4.4,25.0,188,512.0,6.73,2
59.88,0.0,59.88,3.8,25.0,168,64.0,6.5,0
69.99,23.57,91.57,3.9,25.0,108,64.0,6.7,0
992.19,9.72,1099.0,4.0,25.0,15,256.0,6.7,2
747.99,5.67,792.99,3.7,25.0,15,1000.0,6.7,2
99.88,0.0,99.88,4.0,25.0,168,128.0,6.4,0
85.23,34.27,129.67,3.6,25.0,113,4.0,6.58,0
196.52,58.8,476.97,3.9,25.0,138,128.0,6.7,0
217.0,0.0,217.0,4.2,25.0,188,256.0,6.67,1
249.99,0.0,249.99,4.0,25.0,60,256.0,6.58,1
805.0,0.0,805.0,4.2,25.0,138,256.0,6.7,2
78.93,0.0,78.93,2.2,25.0,165,8.0,6.3,0
209.99,0.0,209.99,4.1,25.0,118,256.0,6.52,1
329.99,0.0,329.99,4.4,24.0,84,128.0,6.67,1
489.99,6.67,524.99,3.9,24.0,138,128.0,6.6,2
162.19,0.0,162.19,4.4,24.0,188,256.0,6.8,0
294.89,0.0,294.89,4.0,24.0,138,256.0,6.7,1
129.0,0.0,129.0,4.1,24.0,108,64.0,6.5,0
599.97,0.0,599.97,4.2,24.0,15,128.0,6.7,2
139.98,5.05,147.42,4.4,24.0,155,64.0,4.7,0
769.0,9.42,849.0,4.1,24.0,205,512.0,6.8,2
144.0,0.0,144.0,4.3,24.0,102,64.0,6.0,0
779.97,0.0,779.97,4.1,24.0,138,512.0,6.9,2
109.99,21.43,139.99,3.3,24.0,113,32.0,6.52,0
219.97,0.0,219.97,3.2,24.0,126,16.0,4.7,1
129.0,5.83,136.99,3.8,24.0,108,256.0,6.56,0
74.99,0.0,74.99,4.1,24.0,197,4.0,2.8,0
237.23,0.0,237.23,4.5,24.0,138,128.0,6.2,1
279.0,0.0,279.0,4.1,24.0,138,64.0,5.8,1
58.94,0.0,58.94,2.8,24.0,180,8.0,5.5,0
18.99,0.0,18.99,3.5,24.0,18,0.0,1.8,0
79.98,33.34,119.99,3.6,24.0,140,32.0,2.8,0
89.99,0.0,89.99,2.5,23.0,132,16.0,6.7,0
199.99,0.0,199.99,4.5,23.0,70,128.0,6.5,0
399.0,49.81,794.98,3.8,23.0,138,128.0,7.0,1
46.99,0.0,46.99,3.7,23.0,156,16.0,2.5,0
65.99,0.0,65.99,2.2,23.0,207,16.0,3.0,0
313.59,0.0,313.59,4.1,23.0,138,128.0,6.6,1
249.99,0.0,249.99,3.7,23.0,73,64.0,5.5,1
294.0,0.0,294.0,3.3,23.0,138,128.0,7.0,1
199.99,0.0,199.99,3.6,23.0,78,128.0,6.7,0
289.98,0.0,289.98,4.5,23.0,138,64.0,5.8,1
139.65,47.1,264.0,3.8,23.0,138,128.0,6.1,0
560.0,0.0,560.0,3.7,23.0,73,128.0,6.7,2
52.99,0.0,52.99,3.8,23.0,163,16.0,5.0,0
64.0,0.0,64.0,3.2,23.0,108,16.0,5.5,0
944.0,0.0,944.0,4.1,23.0,138,256.0,6.0,2
129.92,0.0,129.92,4.1,23.0,188,64.0,6.5,0
199.99,0.0,199.99,3.9,23.0,23,128.0,6.78,0
199.95,0.0,199.95,4.2,23.0,98,16.0,2.6,0
639.24,0.0,639.24,3.9,23.0,15,256.0,6.7,2
299.99,25.0,399.99,4.0,23.0,108,8.0,6.9,1
605.0,0.0,605.0,3.7,23.0,15,128.0,6.7,2
810.74,6.81,869.99,4.3,23.0,138,256.0,6.4,2
529.97,0.0,529.97,4.3,23.0,138,512.0,5.8,2
490.31,0.0,490.31,4.7,23.0,138,256.0,6.6,2
284.99,0.0,284.99,4.5,23.0,138,128.0,6.7,1
119.99,0.0,119.99,3.3,23.0,113,64.0,6.52,0
154.95,7.77,168.0,3.5,23.0,119,128.0,6.55,0
89.95,9.13,98.99,4.1,23.0,119,64.0,6.49,0
127.05,20.59,159.99,4.2,23.0,138,4.0,6.2,0
164.95,0.0,164.95,2.9,22.0,102,64.0,6.8,0
59.0,0.0,59.0,3.4,22.0,108,32.0,5.5,0
699.0,0.0,699.0,3.9,22.0,131,128.0,6.7,2
615.0,0.0,615.0,3.7,22.0,15,256.0,6.7,2
149.99,0.0,149.99,4.4,22.0,188,64.0,6.43,0
109.99,0.0,109.99,2.7,22.0,67,128.0,6.7,0
299.98,0.0,299.98,3.1,22.0,138,64.0,6.2,1
1105.0,0.0,1105.0,4.0,22.0,188,512.0,6.73,2
138.0,0.0,138.0,3.9,22.0,138,128.0,6.6,0
404.67,0.0,404.67,3.6,22.0,138,128.0,6.1,2
520.95,0.0,520.95,4.7,22.0,138,256.0,6.1,2
219.5,7.62,237.6,4.0,22.0,138,256.0,6.5,1
159.99,5.88,169.99,3.6,21.0,38,256.0,5.45,0
77.37,0.0,77.37,4.2,21.0,113,128.0,6.7,0
429.99,0.0,429.99,3.4,21.0,0,256.0,6.79,2
269.99,0.0,269.99,3.9,21.0,177,256.0,6.58,1
269.99,0.0,269.99,4.2,21.0,177,256.0,6.58,1
104.99,12.5,119.99,2.2,21.0,186,256.0,6.7,0
274.99,0.0,274.99,4.3,21.0,119,128.0,6.7,1
264.0,0.0,264.0,4.1,21.0,138,128.0,6.1,1
350.0,5.52,370.45,4.5,21.0,15,128.0,6.1,1
199.99,0.0,199.99,3.6,21.0,108,128.0,6.2,0
70.0,0.0,70.0,3.0,21.0,99,8.0,5.5,0
149.99,6.25,159.99,3.8,21.0,23,4.0,6.56,0
119.99,0.0,119.99,3.3,20.0,173,128.0,6.3,0
247.11,11.43,279.0,4.2,20.0,113,6.0,6.58,1
579.97,0.0,579.97,4.1,20.0,138,128.0,6.7,2
179.99,0.0,179.99,4.5,20.0,38,256.0,6.56,0
649.99,0.0,649.99,4.0,20.0,119,256.0,6.7,2
34.99,53.33,74.98,2.8,20.0,13,8.0,4.5,0
99.99,0.0,99.99,3.6,20.0,173,64.0,6.3,0
209.99,0.0,209.99,3.3,20.0,88,4.0,11.6,1
129.99,0.0,129.99,3.1,20.0,201,256.0,6.54,0
143.0,0.0,143.0,3.6,20.0,73,6.0,5.7,0
299.0,0.0,299.0,3.8,20.0,125,4.0,6.5,1
76.99,0.0,76.99,3.7,20.0,187,32.0,6.56,0
108.6,0.0,108.6,3.5,20.0,108,128.0,6.8,0
99.95,0.0,99.95,3.7,20.0,108,128.0,6.8,0
89.99,0.0,89.99,1.9,20.0,76,128.0,6.7,0
229.0,52.39,480.98,4.2,20.0,138,128.0,6.7,1
17.97,0.0,17.97,3.3,20.0,18,0.0,1.8,0
385.0,0.0,385.0,4.0,20.0,73,128.0,6.3,1
58.95,0.0,58.95,3.9,20.0,152,256.0,2.8,0
209.66,0.0,209.66,3.0,20.0,73,128.0,6.1,1
154.0,69.2,499.95,3.0,20.0,108,256.0,6.6,0
89.99,0.0,89.99,3.5,20.0,97,128.0,6.56,0
1209.0,9.78,1340.0,3.6,20.0,84,512.0,7.92,2
179.94,29.42,254.95,3.9,20.0,119,128.0,6.7,0
456.0,0.0,456.0,3.2,19.0,138,256.0,7.6,2
90.95,0.0,90.95,2.5,19.0,190,8.0,6.3,0
456.0,10.29,508.33,4.2,19.0,138,256.0,7.6,2
214.99,0.0,214.99,4.3,19.0,188,256.0,40.551203,1
153.17,9.89,169.99,4.2,19.0,138,32.0,6.5,0
139.99,0.0,139.99,3.0,19.0,173,128.0,75.6,0
1199.0,0.0,1199.0,3.9,19.0,188,1024.0,6.67,2
61.69,0.0,61.69,3.0,19.0,89,32.0,5.0,0
79.0,12.21,89.99,3.9,19.0,138,4.0,6.3,0
115.47,0.0,115.47,3.6,19.0,108,128.0,6.5,0
99.99,4.77,105.0,4.3,19.0,138,64.0,6.5,0
250.0,0.0,250.0,4.4,19.0,108,3.0,6.5,1
498.0,0.0,498.0,3.9,19.0,188,256.0,6.67,2
549.97,0.0,549.97,4.8,18.0,138,512.0,6.4,2
1429.96,0.0,1429.96,4.5,18.0,15,256.0,6.7,2
76.99,0.0,76.99,4.1,18.0,18,32.0,6.0,0
74.3,0.0,74.3,2.7,18.0,146,16.0,5.9,0
359.97,0.0,359.97,4.6,18.0,15,256.0,6.5,1
145.0,0.0,145.0,4.1,18.0,167,64.0,4.7,0
224.97,62.44,599.0,3.6,18.0,15,64.0,6.1,1
199.99,0.0,199.99,4.1,18.0,138,128.0,6.7,0
57.91,0.0,57.91,3.2,18.0,113,32.0,5.7,0
52.99,0.0,52.99,3.4,18.0,207,16.0,3.0,0
199.77,0.0,199.77,3.5,18.0,108,128.0,6.7,0
404.99,17.35,489.99,4.8,18.0,138,128.0,6.4,2
189.0,0.0,189.0,4.0,18.0,73,64.0,5.6,0
163.3,8.34,178.15,3.5,18.0,73,128.0,6.2,0
69.99,0.0,69.99,4.5,18.0,108,32.0,6.2,0
88.89,25.92,119.99,3.0,18.0,102,64.0,6.4,0
139.99,0.0,139.99,4.7,18.0,60,64.0,6.74,0
549.99,0.0,549.99,3.3,18.0,177,512.0,6.78,2
168.95,11.07,189.99,3.7,17.0,138,128.0,6.4,0
174.99,0.0,174.99,4.1,17.0,188,256.0,6.67,0
649.99,0.0,649.99,4.2,17.0,119,256.0,6.7,2
59.99,12.65,68.68,3.8,17.0,98,16.0,5.7,0
28.88,12.19,32.89,3.5,17.0,19,16.0,2.2,0
243.17,6.46,259.95,4.0,17.0,138,128.0,6.7,1
299.99,0.0,299.99,3.2,17.0,4,128.0,6.52,1
923.9,25.49,1240.0,3.8,17.0,138,256.0,7.6,2
347.98,0.0,347.98,4.3,17.0,138,128.0,6.4,1
88.95,0.0,88.95,3.6,17.0,18,8.0,5.0,0
114.0,12.3,129.99,3.8,17.0,143,4.0,6.6,0
249.99,0.0,249.99,4.4,17.0,60,256.0,6.58,1
63.0,0.0,63.0,4.2,17.0,108,16.0,5.7,0
464.99,0.0,464.99,4.3,17.0,138,256.0,6.8,2
48.99,0.0,48.99,3.5,17.0,72,16.0,2.8,0
185.99,0.0,185.99,2.6,17.0,186,256.0,6.8,0
29.94,0.0,29.94,3.3,17.0,164,0.0,1.8,0
79.0,0.0,79.0,2.3,17.0,48,16.0,4.0,0
749.97,0.0,749.97,3.5,16.0,138,256.0,6.2,2
64.99,0.0,64.99,3.0,16.0,18,32.0,6.5,0
399.0,0.0,399.0,4.1,16.0,84,12.0,6.7,1
999.0,9.1,1099.0,3.6,16.0,15,256.0,6.7,2
190.0,0.0,190.0,4.2,16.0,188,64.0,6.53,0
349.99,42.43,607.99,3.5,16.0,138,128.0,6.6,1
169.99,5.56,179.99,4.5,16.0,188,256.0,6.43,0
111.32,0.0,111.32,3.2,16.0,169,64.0,6.5,0
58.32,0.0,58.32,2.4,16.0,82,128.0,6.2,0
99.95,63.92,277.0,2.7,16.0,152,8.0,4.4,0
99.99,9.09,109.99,2.6,16.0,41,256.0,6.8,0
65.47,0.0,65.47,2.7,16.0,44,32.0,5.5,0
372.48,0.0,372.48,3.9,16.0,138,8.0,6.1,1
313.95,35.93,489.99,3.9,16.0,138,128.0,6.6,1
169.99,0.0,169.99,3.1,16.0,186,256.0,6.8,0
139.99,0.0,139.99,2.3,15.0,41,256.0,6.8,0
105.9,0.0,105.9,3.9,15.0,73,64.0,6.0,0
849.0,0.0,849.0,2.8,15.0,15,256.0,6.7,2
1099.0,8.34,1199.0,3.9,15.0,15,512.0,6.7,2
47.16,0.0,47.16,3.7,15.0,42,4.0,2.5,0
50.99,0.0,50.99,3.7,15.0,168,32.0,5.45,0
426.0,5.33,449.99,3.7,15.0,138,128.0,6.8,2
135.99,24.45,179.99,4.3,15.0,38,128.0,5.5,0
114.3,0.0,114.3,2.5,15.0,82,32.0,6.1,0
549.99,0.0,549.99,4.4,15.0,138,256.0,6.6,2
989.99,0.0,989.99,4.5,15.0,188,256.0,6.73,2
75.99,5.0,79.99,3.0,15.0,172,16.0,3.0,0
335.0,0.0,335.0,3.9,15.0,78,128.0,6.4,1
414.0,0.0,414.0,3.4,15.0,73,128.0,6.2,2
99.99,0.0,99.99,3.5,15.0,18,128.0,6.6,0
292.86,0.0,292.86,3.5,15.0,119,256.0,78.6,1
99.0,23.84,129.99,3.9,15.0,77,32.0,5.5,0
710.0,0.0,710.0,4.4,15.0,138,8.0,6.2,2
549.99,23.61,719.99,4.1,15.0,138,128.0,6.2,2
169.99,0.0,169.99,4.0,15.0,188,128.0,6.67,0
669.97,0.0,669.97,4.7,15.0,15,256.0,6.7,2
79.99,0.0,79.99,3.5,14.0,129,4.0,2.8,0
329.99,0.0,329.99,4.5,14.0,138,128.0,6.4,1
278.94,0.0,278.94,3.6,14.0,138,256.0,6.4,1
89.99,0.0,89.99,3.2,14.0,113,4.0,2.7,0
49.09,0.0,49.09,3.0,14.0,12,4.0,5.7,0
70.8,0.0,70.8,3.1,14.0,194,8.0,6.1,0
299.95,0.0,299.95,3.8,14.0,138,256.0,6.7,1
85.97,0.0,85.97,3.7,14.0,122,64.0,6.5,0
159.9,0.0,159.9,4.3,14.0,188,3.0,6.53,0
114.99,0.0,114.99,3.6,14.0,138,128.0,6.7,0
190.0,0.0,190.0,3.6,14.0,188,64.0,6.67,0
62.99,10.0,69.99,3.8,14.0,158,4.0,2.8,0
578.42,14.81,679.0,4.1,14.0,15,512.0,6.7,2
149.99,6.25,159.99,2.1,14.0,185,256.0,6.82,0
88.88,0.0,88.88,2.0,14.0,62,16.0,6.7,0
799.99,0.0,799.99,4.2,14.0,23,512.0,6.9,2
144.99,9.38,159.99,4.5,14.0,138,4.0,6.2,0
369.99,0.0,369.99,3.5,14.0,177,256.0,6.78,1
46.99,6.0,49.99,3.4,14.0,156,16.0,3.0,0
107.99,0.0,107.99,4.2,14.0,108,32.0,5.7,0
299.98,0.0,299.98,3.7,14.0,138,64.0,6.2,1
785.0,0.0,785.0,4.3,14.0,73,128.0,6.3,2
475.0,32.05,699.0,3.8,14.0,73,8.0,6.2,2
127.25,25.14,169.99,3.8,14.0,108,4.0,6.8,0
189.99,5.0,199.99,2.9,14.0,46,256.0,6.8,0
129.95,0.0,129.95,3.8,14.0,138,32.0,6.5,0
889.94,8.72,975.0,3.9,14.0,84,512.0,6.8,2
45.99,7.93,49.95,3.4,14.0,24,1.0,3.2,0
299.99,0.0,299.99,4.0,14.0,177,256.0,6.58,1
188.88,0.0,188.88,4.1,14.0,85,256.0,6.82,0
46.99,0.0,46.99,2.2,14.0,156,8.0,2.5,0
149.0,12.35,169.99,3.5,14.0,169,4.0,6.5,0
674.98,15.63,799.99,3.6,13.0,138,256.0,6.7,2
248.99,0.0,248.99,3.6,13.0,138,128.0,6.7,1
249.99,0.0,249.99,3.8,13.0,177,128.0,10.58,1
159.99,0.0,159.99,3.4,13.0,23,32.0,6.1,0
67.46,0.0,67.46,2.4,13.0,191,32.0,7.3,0
69.45,0.0,69.45,3.3,13.0,154,4.0,2.8,0
59.99,0.0,59.99,3.5,13.0,151,32.0,6.08,0
121.61,6.45,129.99,4.3,13.0,72,128.0,5.8,0
129.99,35.0,199.99,4.0,13.0,38,128.0,6.56,0
209.99,30.0,299.99,4.6,13.0,38,256.0,6.58,1
139.99,0.0,139.99,4.4,13.0,60,64.0,6.75,0
29.99,0.0,29.99,2.9,13.0,72,16.0,1.77,0
129.99,44.04,232.29,3.8,13.0,138,128.0,6.5,0
178.99,0.0,178.99,5.0,13.0,91,256.0,6.8,0
699.0,0.0,699.0,4.2,13.0,7,512.0,6.78,2
159.99,20.0,199.99,4.0,13.0,209,128.0,6.1,0
160.0,0.0,160.0,4.0,13.0,138,32.0,6.4,0
57.39,0.0,57.39,3.0,13.0,198,4.0,5.72,0
329.94,8.35,359.99,3.7,13.0,108,256.0,6.9,1
255.0,10.23,284.05,4.6,13.0,138,128.0,6.6,1
134.49,10.33,149.99,3.4,13.0,108,256.0,5.7,0
68.0,0.0,68.0,3.4,13.0,108,3.0,6.5,0
582.99,0.0,582.99,3.9,12.0,138,256.0,6.7,2
199.99,0.0,199.99,3.4,12.0,138,0.0,5.8,0
272.0,0.0,272.0,3.9,12.0,15,256.0,6.5,1
157.5,0.0,157.5,3.9,12.0,138,128.0,6.5,0
299.95,7.69,324.95,3.1,12.0,138,128.0,6.4,1
654.99,0.0,654.99,4.1,12.0,138,256.0,6.7,2
72.99,0.0,72.99,3.5,12.0,187,16.0,6.56,0
339.99,0.0,339.99,3.2,12.0,4,128.0,6.5,1
74.99,0.0,74.99,2.8,12.0,187,16.0,6.56,0
44.32,0.0,44.32,3.0,12.0,196,0.0,2.4,0
129.99,0.0,129.99,4.0,12.0,201,8.0,6.8,0
245.0,0.0,245.0,3.3,12.0,138,256.0,6.2,1
349.99,0.0,349.99,3.4,12.0,138,128.0,6.5,1
199.99,0.0,199.99,3.0,12.0,58,512.0,6.8,0
188.99,0.0,188.99,2.5,12.0,186,256.0,6.8,0
448.99,0.0,448.99,4.7,12.0,73,128.0,6.7,2
395.0,0.0,395.0,3.8,12.0,138,8.0,6.7,1
489.97,0.0,489.97,3.3,12.0,119,128.0,6.55,2
99.0,0.0,99.0,4.4,12.0,157,128.0,6.82,0
154.0,0.0,154.0,3.2,12.0,102,128.0,6.8,0
456.0,8.8,499.99,4.2,12.0,138,256.0,7.6,2
89.99,0.0,89.99,3.1,12.0,122,64.0,6.5,0
249.95,0.0,249.95,4.0,12.0,138,128.0,6.7,1
599.98,0.0,599.98,4.2,12.0,138,12.0,6.8,2
73.91,0.0,73.91,2.5,12.0,94,0.0,5.7,0
449.99,0.0,449.99,3.8,12.0,23,256.0,6.5,2
48.21,0.0,48.21,3.3,11.0,45,0.0,2.4,0
159.0,0.0,159.0,3.7,11.0,119,64.0,6.43,0
119.99,52.0,249.99,3.4,11.0,73,64.0,5.5,0
46.99,0.0,46.99,3.5,11.0,156,8.0,2.5,0
46.39,0.0,46.39,3.0,11.0,123,0.0,2.8,0
299.99,0.0,299.99,3.2,11.0,60,256.0,6.58,1
269.99,0.0,269.99,3.7,11.0,38,256.0,6.58,1
459.99,0.0,459.99,3.5,11.0,38,256.0,6.43,2
198.98,0.0,198.98,4.1,11.0,206,256.0,6.72,0
379.0,0.0,379.0,4.3,11.0,138,512.0,6.7,1
119.99,7.69,129.99,2.9,11.0,181,256.0,6.7,0
32.99,0.0,32.99,3.1,11.0,123,16.0,1.8,0
220.0,0.0,220.0,4.4,11.0,188,12.0,6.67,1
75.99,0.0,75.99,4.9,11.0,83,16.0,4.3,0
70.28,21.55,89.59,3.8,11.0,138,32.0,6.5,0
399.0,0.0,399.0,3.0,11.0,102,256.0,6.8,1
814.0,0.0,814.0,4.2,11.0,138,256.0,6.8,2
289.99,0.0,289.99,4.0,11.0,138,512.0,6.4,1
99.99,80.0,499.99,3.2,11.0,27,64.0,5.0,0
394.99,21.0,499.99,4.0,11.0,108,512.0,6.7,1
579.99,7.2,625.0,4.4,11.0,138,8.0,6.2,2
189.99,0.0,189.99,2.3,11.0,181,256.0,6.8,0
158.95,0.0,158.95,2.8,11.0,138,128.0,6.5,0
1149.0,0.0,1149.0,3.9,11.0,188,16.0,6.73,2
899.99,0.0,899.99,4.1,11.0,7,256.0,6.78,2
149.99,0.0,149.99,2.3,11.0,53,256.0,6.6,0
92.48,15.06,108.88,2.4,11.0,100,64.0,6.72,0
764.0,0.0,764.0,3.8,10.0,189,512.0,6.5,2
209.99,0.0,209.99,4.3,10.0,177,128.0,5.93,1
119.99,0.0,119.99,2.9,10.0,211,512.0,6.8,0
399.98,0.0,399.98,4.1,10.0,138,256.0,6.8,1
106.35,0.0,106.35,3.4,10.0,190,8.0,6.3,0
394.89,0.0,394.89,3.9,10.0,138,256.0,6.8,1
199.99,9.09,219.99,3.8,10.0,117,256.0,6.78,0
730.38,0.0,730.38,4.0,10.0,15,512.0,6.7,2
739.99,4.94,778.45,4.5,10.0,138,512.0,6.8,2
158.99,0.0,158.99,4.2,10.0,106,256.0,6.82,0
52.0,5.44,54.99,3.8,10.0,25,16.0,3.0,0
899.0,0.0,899.0,3.7,10.0,15,128.0,6.1,2
170.75,0.0,170.75,4.1,10.0,138,128.0,6.4,0
140.0,0.0,140.0,3.7,10.0,138,32.0,6.5,0
81.55,6.16,86.9,3.4,10.0,138,32.0,5.83,0
265.23,30.25,380.24,4.0,10.0,73,128.0,6.1,1
160.99,0.0,160.99,3.0,10.0,108,128.0,6.8,0
249.99,0.0,249.99,4.0,10.0,138,128.0,6.4,1
127.99,20.0,159.99,3.8,10.0,38,256.0,6.56,0
864.0,0.0,864.0,4.5,10.0,138,512.0,6.8,2
849.95,0.0,849.95,4.1,10.0,15,256.0,6.7,2
35.34,0.0,35.34,3.4,10.0,123,16.0,2.8,0
599.99,0.0,599.99,4.3,10.0,38,512.0,6.67,2
239.99,0.0,239.99,4.3,10.0,38,256.0,4.5,1
999.0,9.1,1099.0,4.0,9.0,15,256.0,6.7,2
139.41,0.0,139.41,3.6,9.0,188,128.0,6.74,0
179.99,0.0,179.99,2.3,9.0,185,256.0,6.82,0
120.0,0.0,120.0,3.5,9.0,102,128.0,6.4,0
300.0,0.0,300.0,3.4,9.0,160,32.0,2.8,1
364.6,0.0,364.6,4.3,9.0,138,256.0,6.6,1
173.08,0.0,173.08,3.6,9.0,138,128.0,6.7,0
249.99,58.27,599.0,4.5,9.0,15,64.0,6.1,1
179.99,0.0,179.99,5.0,9.0,185,256.0,6.82,0
874.37,0.0,874.37,3.1,9.0,15,256.0,6.7,2
88.99,0.0,88.99,3.6,9.0,97,128.0,6.52,0
84.99,5.56,89.99,4.2,9.0,138,64.0,6.5,0
99.99,16.67,119.99,5.0,9.0,104,256.0,6.7,0
432.75,0.0,432.75,2.3,9.0,138,8.0,4.5,2
657.2,0.0,657.2,4.7,9.0,15,256.0,6.7,2
268.95,0.0,268.95,4.0,9.0,138,128.0,6.7,1
59.99,0.0,59.99,4.3,9.0,108,32.0,6.5,0
929.99,0.0,929.99,4.4,9.0,143,512.0,6.8,2
489.97,0.0,489.97,4.1,9.0,138,128.0,6.2,2
60.49,0.0,60.49,2.3,9.0,82,4.0,5.7,0
144.99,0.0,144.99,3.5,9.0,108,128.0,6.5,0
62.99,0.0,62.99,3.0,9.0,55,16.0,5.9,0
69.98,11.41,78.99,4.1,9.0,96,32.0,6.5,0
499.99,0.0,499.99,3.3,9.0,153,128.0,6.1,2
54.04,0.0,54.04,3.7,8.0,19,8.0,2.5,0
74.95,25.04,99.99,3.4,8.0,18,32.0,10.1,0
139.99,0.0,139.99,4.4,8.0,60,64.0,6.75,0
230.0,0.0,230.0,4.0,8.0,73,128.0,6.7,1
572.44,0.0,572.44,3.7,8.0,138,256.0,7.6,2
219.99,0.0,219.99,4.2,8.0,84,256.0,6.7,1
199.99,13.04,229.99,5.0,8.0,38,128.0,6.56,0
249.99,0.0,249.99,4.7,8.0,38,256.0,6.56,1
63.7,0.0,63.7,3.2,8.0,45,16.0,3.0,0
182.5,0.0,182.5,4.0,8.0,138,256.0,6.5,0
189.99,0.0,189.99,4.0,8.0,23,8.0,6.56,0
749.0,4.59,785.0,3.9,8.0,188,12.0,6.67,2
499.29,0.0,499.29,3.3,8.0,138,128.0,6.9,2
244.23,12.46,279.0,4.0,8.0,113,6.0,6.58,1
90.8,0.0,90.8,2.6,8.0,200,8.0,6.3,0
188.99,0.0,188.99,4.3,8.0,106,256.0,6.82,0
54.55,0.0,54.55,3.6,8.0,13,32.0,2.8,0
89.0,0.0,89.0,3.4,8.0,138,16.0,5.5,0
679.0,0.0,679.0,4.0,8.0,7,256.0,5.92,2
59.9,0.0,59.9,3.1,8.0,93,16.0,3.0,0
499.98,0.0,499.98,4.5,8.0,138,256.0,6.8,2
52.24,0.0,52.24,4.3,8.0,42,8.0,2.5,0
316.81,0.0,316.81,4.2,8.0,108,128.0,6.9,1
159.99,0.0,159.99,2.1,8.0,185,256.0,6.82,0
130.17,34.91,199.99,3.2,8.0,108,64.0,6.5,0
69.99,0.0,69.99,4.5,8.0,108,32.0,5.7,0
130.56,25.19,174.52,3.5,8.0,108,128.0,6.7,0
111.12,0.0,111.12,4.4,8.0,102,32.0,6.5,0
179.99,0.0,179.99,4.7,8.0,119,128.0,6.5,0
189.99,0.0,189.99,5.0,8.0,64,256.0,6.8,0
188.88,0.0,188.88,5.0,8.0,208,256.0,6.8,0
47.57,14.99,55.96,2.0,8.0,45,0.0,1.8,0
759.97,0.0,759.97,4.8,8.0,15,128.0,6.7,2
77.92,0.0,77.92,2.7,8.0,89,32.0,6.1,0
269.99,0.0,269.99,2.9,8.0,108,256.0,6.5,1
56.99,0.0,56.99,3.3,8.0,150,0.5,1.8,0
216.5,0.0,216.5,4.3,8.0,188,256.0,6.67,1
124.0,0.0,124.0,3.5,8.0,108,64.0,6.4,0
565.95,0.0,565.95,3.5,8.0,15,128.0,6.7,2
78.57,0.0,78.57,2.5,8.0,82,4.0,5.7,0
62.71,6.36,66.97,2.9,8.0,6,16.0,6.1,0
99.99,0.0,99.99,3.6,7.0,108,128.0,6.5,0
79.0,0.0,79.0,3.2,7.0,108,32.0,6.5,0
119.99,0.0,119.99,4.1,7.0,108,128.0,6.8,0
54.0,9.98,59.99,3.0,7.0,25,16.0,3.0,0
99.0,0.0,99.0,5.0,7.0,108,32.0,6.0,0
979.0,17.17,1182.0,4.1,7.0,153,8.0,6.5,2
74.26,0.0,74.26,3.5,7.0,113,32.0,6.52,0
69.0,0.0,69.0,3.4,7.0,40,4.0,2.8,0
199.99,0.0,199.99,4.2,7.0,138,128.0,6.5,0
349.74,5.47,369.99,4.0,7.0,73,128.0,6.7,1
150.81,0.0,150.81,3.2,7.0,138,64.0,6.6,0
72.77,0.0,72.77,2.4,7.0,94,128.0,5.5,0
36.06,0.0,36.06,1.3,7.0,79,32.0,2.4,0
37.66,0.0,37.66,3.8,7.0,65,0.0,2.4,0
86.99,0.0,86.99,2.5,7.0,187,32.0,6.56,0
809.0,0.0,809.0,4.1,7.0,7,512.0,5.92,2
189.99,0.0,189.99,4.2,7.0,23,8.0,6.56,0
479.98,0.0,479.98,4.0,7.0,138,256.0,6.8,2
815.0,0.0,815.0,3.5,7.0,138,256.0,6.8,2
144.0,9.43,158.99,4.7,7.0,138,128.0,6.5,0
57.03,35.19,87.99,4.3,7.0,13,4.0,2.8,0
654.95,0.0,654.95,5.0,7.0,138,512.0,6.6,2
279.99,0.0,279.99,4.2,7.0,23,256.0,4.3,1
204.99,0.0,204.99,3.8,7.0,188,6.0,6.5,1
369.95,7.51,399.99,2.7,7.0,138,128.0,6.5,1
169.99,0.0,169.99,2.2,7.0,139,256.0,6.8,0
134.88,12.41,153.99,4.7,7.0,138,128.0,6.5,0
659.99,0.0,659.99,4.3,7.0,7,128.0,5.92,2
137.0,75.05,549.0,3.7,7.0,15,64.0,5.5,0
934.57,0.0,934.57,4.1,7.0,138,256.0,7.6,2
52.96,37.53,84.77,2.8,7.0,196,32.0,6.1,0
129.99,0.0,129.99,2.0,7.0,147,256.0,6.7,0
637.0,0.0,637.0,3.7,7.0,15,128.0,6.7,2
379.99,0.0,379.99,4.1,7.0,38,256.0,6.58,1
615.0,0.0,615.0,3.5,7.0,138,256.0,7.6,2
44.99,0.0,44.99,3.1,7.0,180,32.0,2.8,0
188.88,0.0,188.88,4.6,6.0,17,256.0,6.8,0
189.99,0.0,189.99,5.0,6.0,2,256.0,6.82,0
869.95,0.0,869.95,4.0,6.0,15,256.0,6.7,2
158.99,0.0,158.99,4.8,6.0,2,256.0,6.82,0
168.99,0.0,168.99,3.9,6.0,64,256.0,6.82,0
1098.95,0.0,1098.95,3.9,6.0,15,128.0,6.7,2
114.48,0.0,114.48,4.0,6.0,188,128.0,6.74,0
189.9,0.0,189.9,4.8,6.0,188,128.0,6.67,0
335.0,0.0,335.0,5.0,6.0,188,8.0,6.67,1
49.99,16.67,59.99,2.2,6.0,72,1.0,1.77,0
75.57,0.0,75.57,3.2,6.0,16,128.0,5.4,0
199.99,0.0,199.99,5.0,6.0,185,512.0,6.82,0
99.99,16.67,119.99,2.9,6.0,41,256.0,6.7,0
269.99,0.0,269.99,3.8,6.0,4,64.0,6.52,1
899.0,0.0,899.0,4.4,6.0,7,512.0,6.7,2
199.0,55.87,450.98,3.6,6.0,138,128.0,6.2,0
749.99,0.0,749.99,2.6,6.0,159,128.0,6.78,2
249.0,0.0,249.0,4.4,6.0,138,6.0,6.7,1
224.0,0.0,224.0,3.4,6.0,102,256.0,6.8,1
169.99,5.56,179.99,2.6,6.0,115,256.0,6.82,0
45.99,0.0,45.99,2.4,6.0,72,0.5,1.77,0
199.99,0.0,199.99,5.0,6.0,58,256.0,7.0,0
396.0,0.0,396.0,3.7,6.0,138,256.0,6.1,1
82.99,0.0,82.99,2.9,6.0,18,64.0,6.8,0
599.0,0.0,599.0,4.0,6.0,188,512.0,6.67,2
168.85,0.0,168.85,2.8,6.0,33,256.0,6.8,0
480.0,0.0,480.0,4.6,6.0,188,256.0,6.67,2
215.0,0.0,215.0,4.6,6.0,73,64.0,6.0,1
62.39,0.0,62.39,2.6,6.0,72,32.0,5.0,0
119.99,0.0,119.99,3.7,6.0,152,16.0,2.6,0
41.0,0.0,41.0,3.7,6.0,152,16.0,2.64,0
189.99,0.0,189.99,1.7,6.0,142,256.0,6.8,0
197.99,0.0,197.99,1.7,6.0,51,256.0,6.82,0
99.99,23.08,129.99,3.0,6.0,39,256.0,6.8,0
44.63,0.0,44.63,2.0,6.0,43,32.0,2.8,0
156.88,0.0,156.88,3.2,6.0,95,512.0,6.7,0
1349.0,0.0,1349.0,5.0,6.0,188,12.0,6.67,2
205.0,0.0,205.0,4.7,6.0,73,128.0,6.2,1
169.99,5.56,179.99,3.0,6.0,185,256.0,6.82,0
382.16,0.0,382.16,4.8,6.0,138,256.0,1.9,1
119.99,0.0,119.99,3.8,6.0,23,7.0,6.52,0
346.57,0.0,346.57,4.0,6.0,138,128.0,6.1,1
69.99,0.0,69.99,3.7,6.0,177,64.0,6.1,0
239.0,11.48,269.99,2.7,6.0,73,128.0,6.1,1
129.5,0.0,129.5,3.3,6.0,138,128.0,6.7,0
388.14,0.0,388.14,3.7,6.0,188,512.0,6.67,1
94.99,0.0,94.99,3.8,6.0,18,128.0,6.8,0
289.0,0.0,289.0,4.1,5.0,30,256.0,6.7,1
159.99,0.0,159.99,4.2,5.0,206,128.0,6.72,0
89.99,0.0,89.99,2.5,5.0,97,128.0,6.56,0
49.99,0.0,49.99,1.2,5.0,72,0.13,1.8,0
689.99,0.0,689.99,3.7,5.0,1,512.0,6.79,2
149.99,16.67,179.99,5.0,5.0,204,256.0,6.82,0
40.87,0.0,40.87,1.3,5.0,82,32.0,6.1,0
60.96,0.0,60.96,3.5,5.0,195,64.0,6.1,0
659.99,0.0,659.99,4.2,5.0,177,512.0,6.78,2
219.0,0.0,219.0,3.9,5.0,169,6.0,6.5,1
229.0,0.0,229.0,4.4,5.0,188,256.0,6.67,1
59.99,0.0,59.99,3.0,5.0,72,16.0,6.1,0
219.99,0.0,219.99,3.7,5.0,108,256.0,6.5,1
132.86,16.96,159.99,3.8,5.0,73,128.0,6.2,0
874.37,0.0,874.37,3.3,5.0,15,256.0,6.7,2
75.99,0.0,75.99,3.3,5.0,187,32.0,6.56,0
30.77,5.93,32.71,2.5,5.0,190,0.0,0.66,0
58.99,0.0,58.99,3.2,5.0,12,4.0,5.7,0
139.99,0.0,139.99,4.6,5.0,177,64.0,5.45,0
229.95,0.0,229.95,3.3,5.0,73,8.0,6.3,1
34.99,12.5,39.99,3.3,5.0,9,16.0,5.5,0
158.99,0.0,158.99,5.0,5.0,85,256.0,6.8,0
162.99,14.19,189.95,3.5,5.0,119,8.0,6.5,0
239.99,0.0,239.99,2.0,5.0,118,256.0,6.8,1
124.99,0.0,124.99,3.7,5.0,113,64.0,5.45,0
104.0,42.22,179.99,3.9,5.0,138,64.0,6.6,0
1099.99,0.0,1099.99,4.3,5.0,138,512.0,6.7,2
269.99,0.0,269.99,2.9,5.0,138,32.0,5.1,1
59.99,0.0,59.99,3.3,5.0,72,0.13,1.77,0
751.85,0.0,751.85,3.2,5.0,138,256.0,7.6,2
266.52,0.0,266.52,3.3,5.0,138,128.0,6.6,1
129.99,0.0,129.99,2.9,5.0,113,64.0,6.5,0
89.99,0.0,89.99,4.3,5.0,108,64.0,6.6,0
309.99,0.0,309.99,4.0,5.0,119,128.0,6.72,1
484.98,0.0,484.98,2.9,5.0,138,128.0,6.2,2
419.0,11.78,474.97,2.7,5.0,138,8.0,6.8,2
158.99,0.0,158.99,4.6,4.0,17,256.0,6.8,0
339.0,0.0,339.0,4.7,4.0,138,128.0,6.7,1
357.57,0.0,357.57,3.3,4.0,138,512.0,6.9,1
359.95,0.0,359.95,5.0,4.0,138,256.0,6.1,1
299.99,0.0,299.99,2.1,4.0,160,32.0,5.0,1
1180.0,0.0,1180.0,5.0,4.0,188,1024.0,6.73,2
599.99,0.0,599.99,4.2,4.0,138,512.0,6.6,2
239.99,0.0,239.99,3.7,4.0,138,128.0,5.8,1
349.97,0.0,349.97,4.4,4.0,138,64.0,6.2,1
1399.5,0.0,1399.5,5.0,4.0,138,1000.0,6.8,2
168.99,0.0,168.99,5.0,4.0,5,256.0,6.8,0
452.74,0.0,452.74,3.2,4.0,138,256.0,6.6,2
486.9,0.0,486.9,3.3,4.0,138,256.0,6.8,2
989.0,16.89,1189.99,3.8,4.0,153,256.0,6.5,2
31.57,11.96,35.86,3.6,4.0,34,800.0,1.8,0
46.09,0.0,46.09,1.9,4.0,200,8.0,6.3,0
689.99,0.0,689.99,2.5,4.0,138,128.0,6.2,2
99.99,9.09,109.99,5.0,4.0,186,256.0,6.7,0
32.49,0.0,32.49,2.4,4.0,19,0.0,2.6,0
179.99,50.69,364.99,3.0,4.0,73,128.0,6.1,0
299.99,0.0,299.99,4.7,4.0,73,128.0,6.1,1
499.0,0.0,499.0,3.5,4.0,138,512.0,6.7992162700000005,2
144.9,0.0,144.9,4.0,4.0,202,64.0,3.0,0
367.93,0.0,367.93,2.9,4.0,138,256.0,6.7,1
499.0,0.0,499.0,3.0,4.0,138,128.0,6.9,2
456.0,0.0,456.0,5.0,4.0,138,256.0,7.6,2
63.06,0.0,63.06,3.1,4.0,42,32.0,6.1,0
549.99,0.0,549.99,5.0,4.0,23,24.0,6.78,2
689.0,0.0,689.0,3.7,4.0,7,256.0,6.78,2
149.05,0.0,149.05,2.4,4.0,112,128.0,6.5,0
1199.0,7.7,1299.0,2.2,4.0,15,1000.0,6.7,2
198.98,0.0,198.98,3.8,4.0,15,16.0,4.0,0
52.9,0.0,52.9,1.8,4.0,207,2.0,3.0,0
129.99,10.35,145.0,3.4,4.0,138,128.0,6.5,0
79.79,0.0,79.79,3.3,4.0,71,8.0,2.5,0
70.38,0.0,70.38,2.5,4.0,42,32.0,6.1,0
109.99,0.0,109.99,2.9,4.0,3,128.0,6.8,0
456.0,0.0,456.0,2.7,4.0,138,256.0,7.6,2
114.91,0.0,114.91,4.2,4.0,42,4.0,6.1,0
133.16,11.22,149.99,3.0,4.0,168,32.0,6.5,0
109.99,0.0,109.99,5.0,4.0,23,4.0,6.52,0
360.99,0.0,360.99,5.0,4.0,138,128.0,6.7,1
250.0,10.7,279.94,3.6,4.0,15,64.0,6.5,1
74.99,0.0,74.99,4.7,4.0,20,63.98,3.0,0
84.0,41.67,144.0,3.9,4.0,108,128.0,6.3,0
459.99,0.0,459.99,2.5,4.0,23,256.0,6.56,2
643.0,0.0,643.0,5.0,4.0,15,256.0,6.7,2
88.99,16.82,106.99,3.5,4.0,108,64.0,6.5,0
65.86,11.14,74.12,2.1,3.0,45,64.0,6.1,0
627.25,0.0,627.25,5.0,3.0,15,128.0,6.7,2
1099.0,8.34,1199.0,2.1,3.0,15,512.0,6.7,2
1099.0,8.34,1199.0,4.6,3.0,15,512.0,6.7,2
616.65,0.0,616.65,5.0,3.0,15,256.0,6.7,2
687.5,0.0,687.5,3.6,3.0,15,512.0,6.7,2
696.39,0.0,696.39,3.3,3.0,15,512.0,6.7,2
68.05,0.0,68.05,2.6,3.0,69,32.0,5.0,0
34.29,8.8,37.6,2.5,3.0,35,16.0,2.2,0
477.99,0.0,477.99,4.5,3.0,138,256.0,6.8,2
199.98,0.0,199.98,3.0,3.0,188,128.0,6.67,0
45.89,0.0,45.89,3.6,3.0,43,16.0,3.0,0
849.0,0.0,849.0,5.0,3.0,15,1024.0,6.7,2
92.5,5.2,97.57,4.3,3.0,188,64.0,6.71,0
88.5,0.0,88.5,3.6,3.0,188,64.0,6.71,0
189.99,0.0,189.99,5.0,3.0,161,256.0,7.0,0
549.0,24.79,729.99,3.4,3.0,138,128.0,10.1,2
26.64,5.77,28.27,1.7,3.0,45,32.0,2.4,0
524.99,30.0,749.99,5.0,3.0,138,256.0,6.1,2
59.51,0.0,59.51,5.0,3.0,42,4.0,2.5,0
824.99,0.0,824.99,4.7,3.0,138,256.0,6.6,2
499.98,0.0,499.98,2.5,3.0,145,128.0,6.2,2
46.15,0.0,46.15,2.4,3.0,190,0.0,2.8,0
53.89,0.0,53.89,3.5,3.0,72,8.0,2.8,0
22.15,0.0,22.15,3.0,3.0,42,0.0,1.8,0
189.99,0.0,189.99,3.5,3.0,139,256.0,6.8,0
89.99,7.22,96.99,4.6,3.0,187,64.0,6.53,0
63.05,0.0,63.05,2.1,3.0,112,4.0,5.0,0
682.45,0.0,682.45,4.1,3.0,138,256.0,7.6,2
824.0,8.44,899.99,3.7,3.0,188,12.0,6.67,2
1145.0,0.0,1145.0,5.0,3.0,188,16.0,6.73,2
1035.0,0.0,1035.0,3.5,3.0,14,12.0,7.6,2
1240.0,0.0,1240.0,2.7,3.0,138,256.0,7.6,2
579.97,0.0,579.97,5.0,3.0,138,128.0,2.0,2
49.88,0.0,49.88,2.7,3.0,151,4.0,6.53,0
38.87,0.0,38.87,1.4,3.0,42,0.0,2.8,0
354.98,0.0,354.98,5.0,3.0,138,128.0,6.4,1
21.54,0.0,21.54,2.6,3.0,180,0.0,2.4,0
269.99,0.0,269.99,3.9,3.0,38,256.0,6.58,1
99.0,0.0,99.0,2.7,3.0,38,15.0,6.52,0
59.99,0.0,59.99,1.0,3.0,187,32.0,6.52,0
279.99,0.0,279.99,5.0,3.0,38,256.0,6.56,1
69.99,0.0,69.99,3.6,3.0,168,32.0,6.52,0
469.99,0.0,469.99,2.1,3.0,138,128.0,6.4,2
69.99,19.54,86.99,4.6,3.0,187,32.0,6.52,0
219.99,0.0,219.99,4.6,3.0,108,256.0,6.5,1
706.5,0.0,706.5,4.0,3.0,15,512.0,6.7,2
60.22,0.0,60.22,3.5,3.0,193,16.0,6.11,0
69.99,6.67,74.99,5.0,3.0,21,64.0,3.0,0
149.99,0.0,149.99,3.1,3.0,138,4.0,6.6,0
43.93,11.66,49.73,5.0,3.0,66,32.0,2.4,0
109.0,0.0,109.0,5.0,3.0,138,64.0,6.7,0
52.99,0.0,52.99,4.3,3.0,72,16.0,3.0,0
75.99,0.0,75.99,5.0,3.0,156,16.0,4.3,0
188.88,0.0,188.88,1.0,3.0,106,256.0,6.82,0
359.98,0.0,359.98,3.5,3.0,73,128.0,6.12,1
169.99,0.0,169.99,5.0,3.0,75,256.0,6.67,0
759.99,0.0,759.99,4.4,3.0,177,512.0,6.78,2
71.25,16.05,84.87,1.0,3.0,82,4.0,5.72,0
63.09,0.0,63.09,3.9,3.0,164,32.0,5.0,0
499.99,0.0,499.99,2.6,3.0,177,256.0,6.78,2
665.06,0.0,665.06,4.1,3.0,73,256.0,6.4,2
199.0,0.0,199.0,4.1,3.0,102,128.0,6.1,0
199.99,20.0,249.99,3.3,3.0,119,128.0,6.7,0
99.99,0.0,99.99,5.0,3.0,147,256.0,6.7,0
84.99,0.0,84.99,2.3,3.0,109,3.0,6.6,0
52.16,0.0,52.16,1.0,3.0,89,32.0,2.4,0
60.0,19.99,74.99,2.4,3.0,74,4.0,3.2,0
168.99,0.0,168.99,5.0,3.0,85,256.0,6.82,0
30.19,0.0,30.19,3.4,3.0,123,0.0,2.4,0
99.0,0.0,99.0,3.5,3.0,125,4.0,6.5,0
49.99,0.0,49.99,3.1,3.0,113,0.0,2.4,0
79.95,11.12,89.95,5.0,3.0,108,128.0,6.5,0
299.99,0.0,299.99,5.0,3.0,108,128.0,6.55,1
36.99,0.0,36.99,5.0,3.0,72,8.0,5.0,0
162.99,0.0,162.99,5.0,3.0,181,256.0,6.8,0
210.0,0.0,210.0,3.2,3.0,73,12.0,6.7,1
429.99,0.0,429.99,3.5,3.0,1,256.0,6.79,2
111.8,0.0,111.8,2.0,3.0,165,64.0,6.1,0
299.0,0.0,299.0,2.0,2.0,119,256.0,6.72,1
751.46,0.0,751.46,2.9,2.0,15,256.0,6.7,2
99.99,0.0,99.99,5.0,2.0,23,3.0,6.53,0
649.99,0.0,649.99,5.0,2.0,188,1024.0,6.67,2
189.99,0.0,189.99,5.0,2.0,188,128.0,6.67,0
469.99,53.0,999.99,5.0,2.0,108,256.0,6.9,2
31.24,0.0,31.24,3.4,2.0,123,0.0,2.8,0
978.49,0.0,978.49,5.0,2.0,15,256.0,6.7,2
49.27,0.0,49.27,4.4,2.0,138,32.0,6.5,0
74.0,0.0,74.0,1.0,2.0,157,32.0,6.0,0
34.66,0.0,34.66,1.0,2.0,89,0.0,2.6,0
736.73,0.0,736.73,5.0,2.0,15,256.0,6.7,2
179.99,0.0,179.99,5.0,2.0,57,256.0,6.8,0
204.5,0.0,204.5,3.5,2.0,138,256.0,6.5,1
697.79,0.0,697.79,4.6,2.0,15,512.0,6.7,2
118.0,0.0,118.0,3.0,2.0,176,2.0,4.7,0
94.99,0.0,94.99,5.0,2.0,108,128.0,6.5,0
99.0,0.0,99.0,5.0,2.0,206,4.0,6.5,0
131.98,9.24,145.41,2.0,2.0,138,128.0,6.5,0
619.99,0.0,619.99,5.0,2.0,23,24.0,6.78,2
72.87,0.0,72.87,3.0,2.0,190,64.0,5.5,0
719.0,0.0,719.0,5.0,2.0,15,1024.0,6.7,2
1099.0,8.34,1199.0,3.0,2.0,15,512.0,6.7,2
64.99,0.0,64.99,5.0,2.0,87,32.0,3.0,0
62.9,0.0,62.9,5.0,2.0,93,3.0,3.0,0
630.0,0.0,630.0,3.0,2.0,15,128.0,6.7,2
177.36,7.52,191.78,2.5,2.0,169,64.0,4.7,0
269.36,0.0,269.36,3.4,2.0,138,256.0,6.4,1
789.3,0.0,789.3,5.0,2.0,138,512.0,6.8,2
929.99,0.0,929.99,5.0,2.0,138,256.0,6.8,2
159.99,0.0,159.99,5.0,2.0,169,64.0,6.5,0
219.99,0.0,219.99,4.0,2.0,113,128.0,6.5,1
79.99,0.0,79.99,3.3,2.0,108,32.0,5.4,0
334.73,0.0,334.73,5.0,2.0,138,256.0,12.0,1
1330.0,4.66,1395.0,1.0,2.0,138,512.0,6.0,2
1750.0,0.0,1750.0,5.0,2.0,138,512.0,7.6,2
69.64,0.0,69.64,1.9,2.0,19,32.0,6.1,0
45.0,29.69,64.0,3.1,2.0,108,32.0,6.5,0
62.99,0.0,62.99,4.0,2.0,72,16.0,3.0,0
87.47,4.76,91.84,1.0,2.0,190,64.0,6.3,0
62.14,0.0,62.14,3.1,2.0,180,4.0,6.1,0
109.99,15.39,129.99,3.5,2.0,38,256.0,6.52,0
132.01,0.0,132.01,3.1,2.0,45,128.0,6.5,0
48.92,7.38,52.82,3.4,2.0,82,32.0,4.66,0
499.99,0.0,499.99,5.0,2.0,177,512.0,6.58,2
68.37,0.0,68.37,2.5,2.0,180,32.0,4.66,0
82.58,0.0,82.58,3.0,2.0,82,32.0,6.1,0
85.49,0.0,85.49,4.2,2.0,172,32.0,3.0,0
559.97,16.42,670.0,5.0,2.0,73,256.0,6.2,2
26.8,0.0,26.8,1.0,2.0,6,16.0,2.2,0
384.97,0.0,384.97,3.0,2.0,73,128.0,6.12,1
384.97,22.85,499.0,5.0,2.0,73,128.0,6.1,1
425.0,0.0,425.0,2.8,2.0,73,128.0,6.7,2
129.99,7.14,139.99,5.0,2.0,137,256.0,6.8,0
554.95,0.0,554.95,5.0,2.0,138,128.0,6.6,2
25.15,0.0,25.15,3.0,2.0,128,16.0,2.2,0
23.85,8.02,25.93,3.0,2.0,128,16.0,2.2,0
139.99,0.0,139.99,5.0,2.0,148,256.0,6.8,0
510.39,0.0,510.39,3.0,2.0,138,256.0,6.8,2
179.99,5.26,189.99,1.0,2.0,51,256.0,6.8,0
199.99,0.0,199.99,5.0,2.0,51,256.0,6.8,0
311.95,0.0,311.95,5.0,2.0,138,128.0,6.8,1
139.99,0.0,139.99,5.0,2.0,38,256.0,6.56,0
64.66,0.0,64.66,1.0,2.0,61,16.0,6.11,0
22.77,0.0,22.77,4.5,2.0,37,16.0,1.8,0
49.99,16.67,59.99,1.0,2.0,13,8.0,5.34,0
37.47,0.0,37.47,1.0,2.0,59,0.0,3.0,0
174.0,0.0,174.0,2.0,2.0,78,128.0,6.3,0
61.3,0.0,61.3,2.5,2.0,63,512.0,6.1,0
219.99,0.0,219.99,4.5,2.0,84,256.0,6.7,1
61.28,0.0,61.28,3.0,2.0,29,128.0,5.0,0
43.13,0.0,43.13,3.0,2.0,45,16.0,1.77,0
629.0,5.98,669.0,5.0,2.0,205,512.0,6.78,2
39.78,0.0,39.78,4.0,2.0,79,16.0,3.0,0
279.99,0.0,279.99,5.0,2.0,38,256.0,6.56,1
14.02,0.0,14.02,1.0,2.0,37,64.0,0.66,0
524.89,6.27,560.0,5.0,2.0,138,256.0,6.4,2
49.95,0.0,49.95,2.9,2.0,170,3.0,6.6,0
369.99,0.0,369.99,4.5,2.0,177,256.0,6.78,1
518.95,0.0,518.95,5.0,1.0,138,256.0,6.1,2
665.5,0.0,665.5,3.0,1.0,15,256.0,6.7,2
666.2,0.0,666.2,5.0,1.0,15,512.0,6.7,2
148.69,0.0,148.69,2.0,1.0,190,128.0,6.5,0
49.99,0.0,49.99,1.0,1.0,72,0.13,1.8,0
149.99,6.25,159.99,1.0,1.0,210,256.0,6.82,0
709.0,0.0,709.0,4.0,1.0,15,512.0,6.7,2
37.56,0.0,37.56,1.0,1.0,196,8.0,2.5,0
35.13,0.0,35.13,5.0,1.0,190,0.0,2.4,0
199.0,0.0,199.0,5.0,1.0,188,128.0,6.67,0
679.97,0.0,679.97,5.0,1.0,15,256.0,6.7,2
749.99,0.0,749.99,1.0,1.0,138,512.0,6.8,2
58.88,0.0,58.88,1.0,1.0,49,16.0,7.0,0
664.97,0.0,664.97,5.0,1.0,15,128.0,6.7,2
50.09,0.0,50.09,4.0,1.0,141,0.0,1.8,0
99.99,33.34,149.99,1.0,1.0,138,32.0,6.2,0
799.99,0.0,799.99,5.0,1.0,4,256.0,6.53,2
58.88,0.0,58.88,1.0,1.0,49,16.0,7.0,0
719.97,0.0,719.97,3.0,1.0,15,256.0,6.7,2
434.97,0.0,434.97,5.0,1.0,15,128.0,6.1,2
282.0,68.63,899.0,3.0,1.0,138,128.0,6.1,1
879.0,0.0,879.0,5.0,1.0,205,1000.0,6.8,2
604.1,0.0,604.1,5.0,1.0,15,128.0,6.7,2
299.99,0.0,299.99,5.0,1.0,138,128.0,6.4,1
696.39,0.0,696.39,4.0,1.0,15,512.0,6.7,2
189.99,0.0,189.99,5.0,1.0,46,256.0,6.8,0
94.95,11.39,107.16,1.0,1.0,138,128.0,6.5,0
325.0,34.87,499.0,1.0,1.0,73,256.0,6.71,1
289.99,0.0,289.99,5.0,1.0,138,128.0,6.6,1
1099.99,15.71,1305.0,4.0,1.0,153,512.0,6.5,2
179.0,0.0,179.0,1.0,1.0,138,128.0,6.5,0
17.93,0.0,17.93,2.0,1.0,136,0.0,0.66,0
89.99,0.0,89.99,5.0,1.0,52,128.0,6.3,0
139.99,6.67,149.99,1.0,1.0,51,256.0,6.82,0
60.22,0.0,60.22,5.0,1.0,49,16.0,6.0,0
60.22,0.0,60.22,2.0,1.0,49,16.0,6.0,0
17.86,0.0,17.86,1.0,1.0,149,64.0,0.66,0
119.99,0.0,119.99,5.0,1.0,138,128.0,6.7,0
169.99,0.0,169.99,5.0,1.0,139,6.0,6.8,0
849.0,0.0,849.0,4.0,1.0,116,256.0,6.8,2
339.99,0.0,339.99,5.0,1.0,169,128.0,6.4,1
129.99,0.0,129.99,5.0,1.0,108,64.0,6.6,0
17.34,0.0,17.34,3.0,1.0,162,64.0,0.66,0
59.99,0.0,59.99,4.0,1.0,102,16.0,5.4,0
94.99,0.0,94.99,5.0,1.0,97,128.0,6.6,0
89.99,0.0,89.99,1.0,1.0,97,128.0,6.56,0
659.99,0.0,659.99,5.0,1.0,177,512.0,6.78,2
71.0,11.24,79.99,5.0,1.0,120,64.0,6.7,0
82.0,17.17,99.0,5.0,1.0,157,128.0,6.82,0
125.99,0.0,125.99,5.0,1.0,135,256.0,6.74,0
499.99,0.0,499.99,2.0,1.0,177,256.0,6.78,2
117.41,0.0,117.41,1.0,1.0,82,128.0,7.3,0
21.7,0.0,21.7,1.0,1.0,79,0.0,1.0,0
659.99,0.0,659.99,5.0,1.0,177,512.0,6.78,2
449.98,0.0,449.98,1.0,1.0,138,128.0,6.1,2
644.99,0.0,644.99,5.0,1.0,138,128.0,6.1,2
1549.99,0.0,1549.99,1.0,1.0,138,1000.0,6.2,2
149.99,0.0,149.99,2.0,1.0,188,128.0,6.8,0
105.27,8.55,115.11,3.0,1.0,126,32.0,4.0,0
478.0,0.0,478.0,5.0,1.0,138,128.0,6.2,2
1139.97,5.0,1199.99,5.0,1.0,15,512.0,6.7,2
1142.75,0.0,1142.75,5.0,1.0,15,512.0,6.7,2
968.95,0.0,968.95,5.0,1.0,15,256.0,6.7,2
75.29,0.0,75.29,1.0,1.0,180,0.0,2.6,0
95.0,7.32,102.5,3.0,1.0,188,4.0,6.71,0
383.99,0.0,383.99,5.0,1.0,138,128.0,6.6,1
1199.0,7.7,1299.0,5.0,1.0,15,1000.0,6.7,2
1199.0,7.7,1299.0,5.0,1.0,15,1000.0,6.7,2
399.99,0.0,399.99,4.0,1.0,138,128.0,6.5,1
54.99,0.0,54.99,5.0,1.0,203,16.0,3.0,0
53.99,0.0,53.99,3.0,1.0,203,16.0,3.0,0
476.0,0.0,476.0,3.0,1.0,138,128.0,6.1,2
249.99,0.0,249.99,5.0,1.0,38,256.0,6.56,1
60.67,0.0,60.67,5.0,1.0,196,8.0,2.5,0
45.45,5.69,48.19,2.0,1.0,35,16.0,2.4,0
29.99,0.0,29.99,5.0,1.0,175,2.0,2.6,0
58.88,0.0,58.88,5.0,1.0,92,16.0,6.52,0
58.88,0.0,58.88,2.0,1.0,92,16.0,6.52,0
1030.9,0.0,1030.9,4.0,1.0,138,12.0,6.8,2
749.99,0.0,749.99,5.0,1.0,143,512.0,6.7,2
179.99,0.0,179.99,5.0,1.0,3,256.0,6.8,0
687.0,0.0,687.0,5.0,1.0,138,256.0,6.7,2
865.0,0.0,865.0,1.0,1.0,138,512.0,6.7,2
139.99,0.0,139.99,5.0,1.0,188,64.0,6.43,0
377.52,0.0,377.52,4.0,1.0,138,256.0,6.7,1
698.99,0.0,698.99,5.0,1.0,23,256.0,6.9,2
